from,to,amount,ratio
STATE-VF-PHOTO-2025-01,STATE-PROD-HBM3E-2025-01,328519.98,0.0742
STATE-VF-PHOTO-2025-01,STATE-PROD-DDR5-2025-01,1385417.24,0.313
STATE-VF-PHOTO-2025-01,STATE-PROD-NAND-238L-2025-01,1053760.05,0.2381
STATE-VF-PHOTO-2025-01,STATE-PROD-V-NAND-V01-2025-01,430342.76,0.0972
STATE-VF-PHOTO-2025-01,STATE-PROD-DDR4-V02-2025-01,98208.17,0.0222
STATE-VF-PHOTO-2025-01,STATE-PROD-V-NAND-V07-2025-01,320881.56,0.0725
STATE-VF-PHOTO-2025-01,STATE-PROD-V-NAND-V11-2025-01,379738.27,0.0858
STATE-VF-PHOTO-2025-01,STATE-PROD-V-NAND-V13-2025-01,428910.55,0.0969
STATE-VF-ETCH-2025-01,STATE-PROD-HBM3E-2025-01,675245.9,0.06
STATE-VF-ETCH-2025-01,STATE-PROD-DDR5-2025-01,2847611.63,0.2529
STATE-VF-ETCH-2025-01,STATE-PROD-NAND-238L-2025-01,2165917.46,0.1923
STATE-VF-ETCH-2025-01,STATE-PROD-V-NAND-V01-2025-01,884534.28,0.0786
STATE-VF-ETCH-2025-01,STATE-PROD-DDR4-V06-2025-01,802809.48,0.0713
STATE-VF-ETCH-2025-01,STATE-PROD-V-NAND-V07-2025-01,659545.77,0.0586
STATE-VF-ETCH-2025-01,STATE-PROD-V-NAND-V09-2025-01,997799.53,0.0886
STATE-VF-ETCH-2025-01,STATE-PROD-V-NAND-V13-2025-01,881590.5,0.0783
STATE-VF-ETCH-2025-01,STATE-PROD-DDR4-V16-2025-01,440865.34,0.0392
STATE-VF-ETCH-2025-01,STATE-PROD-DDR4-V20-2025-01,904579.99,0.0803
STATE-VF-DEPO-2025-01,STATE-PROD-DDR5-2025-01,1841946.44,0.2191
STATE-VF-DEPO-2025-01,STATE-PROD-NAND-238L-2025-01,1401000.02,0.1667
STATE-VF-DEPO-2025-01,STATE-PROD-V-NAND-V03-2025-01,562721.26,0.0669
STATE-VF-DEPO-2025-01,STATE-PROD-V-NAND-V05-2025-01,482384.32,0.0574
STATE-VF-DEPO-2025-01,STATE-PROD-DDR4-V08-2025-01,646594.47,0.0769
STATE-VF-DEPO-2025-01,STATE-PROD-DDR4-V10-2025-01,297681.9,0.0354
STATE-VF-DEPO-2025-01,STATE-PROD-V-NAND-V11-2025-01,504871.41,0.0601
STATE-VF-DEPO-2025-01,STATE-PROD-DDR4-V14-2025-01,322163.81,0.0383
STATE-VF-DEPO-2025-01,STATE-PROD-V-NAND-V15-2025-01,229495.25,0.0273
STATE-VF-DEPO-2025-01,STATE-PROD-V-NAND-V17-2025-01,440674.4,0.0524
STATE-VF-DEPO-2025-01,STATE-PROD-DDR4-V18-2025-01,536425.87,0.0638
STATE-VF-DEPO-2025-01,STATE-PROD-V-NAND-V19-2025-01,555648.7,0.0661
STATE-VF-DEPO-2025-01,STATE-PROD-DDR4-V20-2025-01,585117.67,0.0696
STATE-VF-CMP-2025-01,STATE-PROD-V-NAND-V01-2025-01,999663.97,0.2085
STATE-VF-CMP-2025-01,STATE-PROD-DDR4-V02-2025-01,228132.51,0.0476
STATE-VF-CMP-2025-01,STATE-PROD-V-NAND-V07-2025-01,745391.28,0.1555
STATE-VF-CMP-2025-01,STATE-PROD-DDR4-V12-2025-01,517734.05,0.108
STATE-VF-CMP-2025-01,STATE-PROD-DDR4-V14-2025-01,562885.27,0.1174
STATE-VF-CMP-2025-01,STATE-PROD-V-NAND-V17-2025-01,769947.21,0.1606
STATE-VF-CMP-2025-01,STATE-PROD-V-NAND-V19-2025-01,970830.55,0.2025
STATE-VF-DIFF-2025-01,STATE-PROD-DDR4-V04-2025-01,556689.47,0.1075
STATE-VF-DIFF-2025-01,STATE-PROD-DDR4-V08-2025-01,946982.96,0.1828
STATE-VF-DIFF-2025-01,STATE-PROD-V-NAND-V09-2025-01,945256.59,0.1825
STATE-VF-DIFF-2025-01,STATE-PROD-DDR4-V10-2025-01,435976.03,0.0842
STATE-VF-DIFF-2025-01,STATE-PROD-V-NAND-V11-2025-01,739419.6,0.1427
STATE-VF-DIFF-2025-01,STATE-PROD-DDR4-V12-2025-01,433984.06,0.0838
STATE-VF-DIFF-2025-01,STATE-PROD-V-NAND-V15-2025-01,336111.89,0.0649
STATE-VF-DIFF-2025-01,STATE-PROD-DDR4-V18-2025-01,785633.32,0.1517
STATE-VF-IMP-2025-01,STATE-PROD-V-NAND-V03-2025-01,1505321.12,0.1416
STATE-VF-IMP-2025-01,STATE-PROD-V-NAND-V05-2025-01,1290413.85,0.1214
STATE-VF-IMP-2025-01,STATE-PROD-DDR4-V06-2025-01,1389135.36,0.1307
STATE-VF-IMP-2025-01,STATE-PROD-V-NAND-V07-2025-01,1141240.07,0.1074
STATE-VF-IMP-2025-01,STATE-PROD-V-NAND-V09-2025-01,1726534.92,0.1624
STATE-VF-IMP-2025-01,STATE-PROD-V-NAND-V11-2025-01,1350568.48,0.127
STATE-VF-IMP-2025-01,STATE-PROD-DDR4-V12-2025-01,792682.79,0.0746
STATE-VF-IMP-2025-01,STATE-PROD-DDR4-V18-2025-01,1434979.01,0.135
STATE-VF-TSV-2025-01,STATE-PROD-HBM3E-2025-01,355651.82,0.1449
STATE-VF-TSV-2025-01,STATE-PROD-DDR4-V06-2025-01,422839.52,0.1723
STATE-VF-TSV-2025-01,STATE-PROD-DDR4-V08-2025-01,526500.55,0.2146
STATE-VF-TSV-2025-01,STATE-PROD-V-NAND-V13-2025-01,464333.46,0.1892
STATE-VF-TSV-2025-01,STATE-PROD-DDR4-V16-2025-01,232203.65,0.0946
STATE-VF-TSV-2025-01,STATE-PROD-V-NAND-V19-2025-01,452446.41,0.1844
STATE-VF-MR-MUF-2025-01,STATE-PROD-HBM3E-2025-01,420316.84,0.1271
STATE-VF-MR-MUF-2025-01,STATE-PROD-DDR4-V04-2025-01,365781.23,0.1106
STATE-VF-MR-MUF-2025-01,STATE-PROD-V-NAND-V05-2025-01,464207.1,0.1403
STATE-VF-MR-MUF-2025-01,STATE-PROD-DDR4-V06-2025-01,499720.69,0.1511
STATE-VF-MR-MUF-2025-01,STATE-PROD-DDR4-V10-2025-01,286464.65,0.0866
STATE-VF-MR-MUF-2025-01,STATE-PROD-V-NAND-V15-2025-01,220847.4,0.0668
STATE-VF-MR-MUF-2025-01,STATE-PROD-DDR4-V18-2025-01,516212.26,0.156
STATE-VF-MR-MUF-2025-01,STATE-PROD-V-NAND-V19-2025-01,534710.74,0.1616
STATE-VF-TEST-PKG-2025-01,STATE-PROD-HBM3E-2025-01,1398465.13,0.0606
STATE-VF-TEST-PKG-2025-01,STATE-PROD-DDR5-2025-01,5897533.88,0.2555
STATE-VF-TEST-PKG-2025-01,STATE-PROD-NAND-238L-2025-01,4485714.09,0.1943
STATE-VF-TEST-PKG-2025-01,STATE-PROD-V-NAND-V01-2025-01,1831910.94,0.0793
STATE-VF-TEST-PKG-2025-01,STATE-PROD-V-NAND-V03-2025-01,1801717.79,0.078
STATE-VF-TEST-PKG-2025-01,STATE-PROD-DDR4-V08-2025-01,2070262.58,0.0897
STATE-VF-TEST-PKG-2025-01,STATE-PROD-DDR4-V10-2025-01,953116.26,0.0413
STATE-VF-TEST-PKG-2025-01,STATE-PROD-DDR4-V12-2025-01,948761.48,0.0411
STATE-VF-TEST-PKG-2025-01,STATE-PROD-V-NAND-V13-2025-01,1825814.24,0.0791
STATE-VF-TEST-PKG-2025-01,STATE-PROD-DDR4-V20-2025-01,1873426.51,0.0811
STATE-VF-BOND-2025-01,STATE-PROD-V-NAND-V01-2025-01,156555.46,0.1441
STATE-VF-BOND-2025-01,STATE-PROD-DDR4-V02-2025-01,35727.4,0.0329
STATE-VF-BOND-2025-01,STATE-PROD-DDR4-V04-2025-01,104006.42,0.0957
STATE-VF-BOND-2025-01,STATE-PROD-V-NAND-V05-2025-01,131992.88,0.1215
STATE-VF-BOND-2025-01,STATE-PROD-DDR4-V06-2025-01,142090.83,0.1308
STATE-VF-BOND-2025-01,STATE-PROD-V-NAND-V07-2025-01,116734.3,0.1075
STATE-VF-BOND-2025-01,STATE-PROD-DDR4-V08-2025-01,176925.04,0.1629
STATE-VF-BOND-2025-01,STATE-PROD-DDR4-V10-2025-01,81453.5,0.075
STATE-VF-BOND-2025-01,STATE-PROD-V-NAND-V15-2025-01,62795.86,0.0578
STATE-VF-BOND-2025-01,STATE-PROD-DDR4-V16-2025-01,78029.62,0.0718
STATE-VF-MARK-2025-01,STATE-PROD-V-NAND-V09-2025-01,858492.01,0.1986
STATE-VF-MARK-2025-01,STATE-PROD-V-NAND-V11-2025-01,671548.68,0.1554
STATE-VF-MARK-2025-01,STATE-PROD-V-NAND-V13-2025-01,758507.48,0.1755
STATE-VF-MARK-2025-01,STATE-PROD-DDR4-V14-2025-01,428522.35,0.0991
STATE-VF-MARK-2025-01,STATE-PROD-V-NAND-V15-2025-01,305260.36,0.0706
STATE-VF-MARK-2025-01,STATE-PROD-V-NAND-V17-2025-01,586157.79,0.1356
STATE-VF-MARK-2025-01,STATE-PROD-DDR4-V18-2025-01,713520.47,0.1651
STATE-VF-PHOTO-2025-02,STATE-PROD-HBM3E-2025-02,356550.23,0.0793
STATE-VF-PHOTO-2025-02,STATE-PROD-DDR5-2025-02,1379688.43,0.3068
STATE-VF-PHOTO-2025-02,STATE-PROD-NAND-238L-2025-02,1068900.48,0.2377
STATE-VF-PHOTO-2025-02,STATE-PROD-V-NAND-V01-2025-02,419226.14,0.0932
STATE-VF-PHOTO-2025-02,STATE-PROD-DDR4-V02-2025-02,100254.18,0.0223
STATE-VF-PHOTO-2025-02,STATE-PROD-V-NAND-V07-2025-02,318494.56,0.0708
STATE-VF-PHOTO-2025-02,STATE-PROD-V-NAND-V11-2025-02,397606.7,0.0884
STATE-VF-PHOTO-2025-02,STATE-PROD-V-NAND-V13-2025-02,456940.8,0.1016
STATE-VF-ETCH-2025-02,STATE-PROD-HBM3E-2025-02,732859.78,0.0637
STATE-VF-ETCH-2025-02,STATE-PROD-DDR5-2025-02,2835836.53,0.2464
STATE-VF-ETCH-2025-02,STATE-PROD-NAND-238L-2025-02,2197037.36,0.1909
STATE-VF-ETCH-2025-02,STATE-PROD-V-NAND-V01-2025-02,861684.98,0.0749
STATE-VF-ETCH-2025-02,STATE-PROD-DDR4-V06-2025-02,839816.94,0.073
STATE-VF-ETCH-2025-02,STATE-PROD-V-NAND-V07-2025-02,654639.47,0.0569
STATE-VF-ETCH-2025-02,STATE-PROD-V-NAND-V09-2025-02,1080926.12,0.0939
STATE-VF-ETCH-2025-02,STATE-PROD-V-NAND-V13-2025-02,939204.39,0.0816
STATE-VF-ETCH-2025-02,STATE-PROD-DDR4-V16-2025-02,456845.83,0.0397
STATE-VF-ETCH-2025-02,STATE-PROD-DDR4-V20-2025-02,912289.87,0.0793
STATE-VF-DEPO-2025-02,STATE-PROD-DDR5-2025-02,1834329.84,0.2155
STATE-VF-DEPO-2025-02,STATE-PROD-NAND-238L-2025-02,1421129.59,0.167
STATE-VF-DEPO-2025-02,STATE-PROD-V-NAND-V03-2025-02,583848.24,0.0686
STATE-VF-DEPO-2025-02,STATE-PROD-V-NAND-V05-2025-02,481296.23,0.0565
STATE-VF-DEPO-2025-02,STATE-PROD-DDR4-V08-2025-02,635441.6,0.0747
STATE-VF-DEPO-2025-02,STATE-PROD-DDR4-V10-2025-02,306567.93,0.036
STATE-VF-DEPO-2025-02,STATE-PROD-V-NAND-V11-2025-02,528627.93,0.0621
STATE-VF-DEPO-2025-02,STATE-PROD-DDR4-V14-2025-02,318264.84,0.0374
STATE-VF-DEPO-2025-02,STATE-PROD-V-NAND-V15-2025-02,234845.0,0.0276
STATE-VF-DEPO-2025-02,STATE-PROD-V-NAND-V17-2025-02,449651.1,0.0528
STATE-VF-DEPO-2025-02,STATE-PROD-DDR4-V18-2025-02,562902.6,0.0661
STATE-VF-DEPO-2025-02,STATE-PROD-V-NAND-V19-2025-02,565169.45,0.0664
STATE-VF-DEPO-2025-02,STATE-PROD-DDR4-V20-2025-02,590104.73,0.0693
STATE-VF-CMP-2025-02,STATE-PROD-V-NAND-V01-2025-02,973840.63,0.2041
STATE-VF-CMP-2025-02,STATE-PROD-DDR4-V02-2025-02,232885.27,0.0488
STATE-VF-CMP-2025-02,STATE-PROD-V-NAND-V07-2025-02,739846.39,0.1551
STATE-VF-CMP-2025-02,STATE-PROD-DDR4-V12-2025-02,495554.5,0.1039
STATE-VF-CMP-2025-02,STATE-PROD-DDR4-V14-2025-02,556072.98,0.1165
STATE-VF-CMP-2025-02,STATE-PROD-V-NAND-V17-2025-02,785631.32,0.1647
STATE-VF-CMP-2025-02,STATE-PROD-V-NAND-V19-2025-02,987465.21,0.207
STATE-VF-DIFF-2025-02,STATE-PROD-DDR4-V04-2025-02,582850.68,0.1091
STATE-VF-DIFF-2025-02,STATE-PROD-DDR4-V08-2025-02,930648.8,0.1741
STATE-VF-DIFF-2025-02,STATE-PROD-V-NAND-V09-2025-02,1024005.84,0.1916
STATE-VF-DIFF-2025-02,STATE-PROD-DDR4-V10-2025-02,448990.24,0.084
STATE-VF-DIFF-2025-02,STATE-PROD-V-NAND-V11-2025-02,774212.69,0.1449
STATE-VF-DIFF-2025-02,STATE-PROD-DDR4-V12-2025-02,415392.33,0.0777
STATE-VF-DIFF-2025-02,STATE-PROD-V-NAND-V15-2025-02,343946.97,0.0644
STATE-VF-DIFF-2025-02,STATE-PROD-DDR4-V18-2025-02,824410.36,0.1543
STATE-VF-IMP-2025-02,STATE-PROD-V-NAND-V03-2025-02,1561837.36,0.1422
STATE-VF-IMP-2025-02,STATE-PROD-V-NAND-V05-2025-02,1287503.14,0.1172
STATE-VF-IMP-2025-02,STATE-PROD-DDR4-V06-2025-02,1453170.93,0.1323
STATE-VF-IMP-2025-02,STATE-PROD-V-NAND-V07-2025-02,1132750.5,0.1031
STATE-VF-IMP-2025-02,STATE-PROD-V-NAND-V09-2025-02,1870372.4,0.1703
STATE-VF-IMP-2025-02,STATE-PROD-V-NAND-V11-2025-02,1414118.94,0.1287
STATE-VF-IMP-2025-02,STATE-PROD-DDR4-V12-2025-02,758724.53,0.0691
STATE-VF-IMP-2025-02,STATE-PROD-DDR4-V18-2025-02,1505806.24,0.1371
STATE-VF-TSV-2025-02,STATE-PROD-HBM3E-2025-02,385997.03,0.1519
STATE-VF-TSV-2025-02,STATE-PROD-DDR4-V06-2025-02,442331.34,0.1741
STATE-VF-TSV-2025-02,STATE-PROD-DDR4-V08-2025-02,517419.13,0.2036
STATE-VF-TSV-2025-02,STATE-PROD-V-NAND-V13-2025-02,494678.68,0.1947
STATE-VF-TSV-2025-02,STATE-PROD-DDR4-V16-2025-02,240620.57,0.0947
STATE-VF-TSV-2025-02,STATE-PROD-V-NAND-V19-2025-02,460198.84,0.1811
STATE-VF-MR-MUF-2025-02,STATE-PROD-HBM3E-2025-02,456179.46,0.1329
STATE-VF-MR-MUF-2025-02,STATE-PROD-DDR4-V04-2025-02,382970.86,0.1116
STATE-VF-MR-MUF-2025-02,STATE-PROD-V-NAND-V05-2025-02,463160.02,0.135
STATE-VF-MR-MUF-2025-02,STATE-PROD-DDR4-V06-2025-02,522756.53,0.1523
STATE-VF-MR-MUF-2025-02,STATE-PROD-DDR4-V10-2025-02,295015.83,0.086
STATE-VF-MR-MUF-2025-02,STATE-PROD-V-NAND-V15-2025-02,225995.56,0.0659
STATE-VF-MR-MUF-2025-02,STATE-PROD-DDR4-V18-2025-02,541691.29,0.1579
STATE-VF-MR-MUF-2025-02,STATE-PROD-V-NAND-V19-2025-02,543872.72,0.1585
STATE-VF-TEST-PKG-2025-02,STATE-PROD-HBM3E-2025-02,1517786.11,0.065
STATE-VF-TEST-PKG-2025-02,STATE-PROD-DDR5-2025-02,5873147.11,0.2515
STATE-VF-TEST-PKG-2025-02,STATE-PROD-NAND-238L-2025-02,4550164.84,0.1948
STATE-VF-TEST-PKG-2025-02,STATE-PROD-V-NAND-V01-2025-02,1784588.99,0.0764
STATE-VF-TEST-PKG-2025-02,STATE-PROD-V-NAND-V03-2025-02,1869362.05,0.08
STATE-VF-TEST-PKG-2025-02,STATE-PROD-DDR4-V08-2025-02,2034553.38,0.0871
STATE-VF-TEST-PKG-2025-02,STATE-PROD-DDR4-V10-2025-02,981567.49,0.042
STATE-VF-TEST-PKG-2025-02,STATE-PROD-DDR4-V12-2025-02,908116.86,0.0389
STATE-VF-TEST-PKG-2025-02,STATE-PROD-V-NAND-V13-2025-02,1945135.23,0.0833
STATE-VF-TEST-PKG-2025-02,STATE-PROD-DDR4-V20-2025-02,1889394.04,0.0809
STATE-VF-BOND-2025-02,STATE-PROD-V-NAND-V01-2025-02,152511.32,0.139
STATE-VF-BOND-2025-02,STATE-PROD-DDR4-V02-2025-02,36471.72,0.0332
STATE-VF-BOND-2025-02,STATE-PROD-DDR4-V04-2025-02,108894.12,0.0993
STATE-VF-BOND-2025-02,STATE-PROD-V-NAND-V05-2025-02,131695.15,0.1201
STATE-VF-BOND-2025-02,STATE-PROD-DDR4-V06-2025-02,148640.85,0.1355
STATE-VF-BOND-2025-02,STATE-PROD-V-NAND-V07-2025-02,115865.93,0.1056
STATE-VF-BOND-2025-02,STATE-PROD-DDR4-V08-2025-02,173873.32,0.1585
STATE-VF-BOND-2025-02,STATE-PROD-DDR4-V10-2025-02,83884.95,0.0765
STATE-VF-BOND-2025-02,STATE-PROD-V-NAND-V15-2025-02,64259.69,0.0586
STATE-VF-BOND-2025-02,STATE-PROD-DDR4-V16-2025-02,80858.04,0.0737
STATE-VF-MARK-2025-02,STATE-PROD-V-NAND-V09-2025-02,930012.91,0.2056
STATE-VF-MARK-2025-02,STATE-PROD-V-NAND-V11-2025-02,703148.13,0.1554
STATE-VF-MARK-2025-02,STATE-PROD-V-NAND-V13-2025-02,808077.61,0.1786
STATE-VF-MARK-2025-02,STATE-PROD-DDR4-V14-2025-02,423336.18,0.0936
STATE-VF-MARK-2025-02,STATE-PROD-V-NAND-V15-2025-02,312376.27,0.0691
STATE-VF-MARK-2025-02,STATE-PROD-V-NAND-V17-2025-02,598098.04,0.1322
STATE-VF-MARK-2025-02,STATE-PROD-DDR4-V18-2025-02,748738.18,0.1655
STATE-VF-PHOTO-2025-03,STATE-PROD-HBM3E-2025-03,334180.59,0.0762
STATE-VF-PHOTO-2025-03,STATE-PROD-DDR5-2025-03,1396602.06,0.3183
STATE-VF-PHOTO-2025-03,STATE-PROD-NAND-238L-2025-03,980376.72,0.2235
STATE-VF-PHOTO-2025-03,STATE-PROD-V-NAND-V01-2025-03,444937.58,0.1014
STATE-VF-PHOTO-2025-03,STATE-PROD-DDR4-V02-2025-03,102027.38,0.0233
STATE-VF-PHOTO-2025-03,STATE-PROD-V-NAND-V07-2025-03,321086.16,0.0732
STATE-VF-PHOTO-2025-03,STATE-PROD-V-NAND-V11-2025-03,385398.88,0.0878
STATE-VF-PHOTO-2025-03,STATE-PROD-V-NAND-V13-2025-03,422636.14,0.0963
STATE-VF-ETCH-2025-03,STATE-PROD-HBM3E-2025-03,686880.82,0.0614
STATE-VF-ETCH-2025-03,STATE-PROD-DDR5-2025-03,2870601.11,0.2568
STATE-VF-ETCH-2025-03,STATE-PROD-NAND-238L-2025-03,2015084.04,0.1803
STATE-VF-ETCH-2025-03,STATE-PROD-V-NAND-V01-2025-03,914532.75,0.0818
STATE-VF-ETCH-2025-03,STATE-PROD-DDR4-V06-2025-03,787810.25,0.0705
STATE-VF-ETCH-2025-03,STATE-PROD-V-NAND-V07-2025-03,659966.31,0.059
STATE-VF-ETCH-2025-03,STATE-PROD-V-NAND-V09-2025-03,1017564.87,0.091
STATE-VF-ETCH-2025-03,STATE-PROD-V-NAND-V13-2025-03,868693.97,0.0777
STATE-VF-ETCH-2025-03,STATE-PROD-DDR4-V16-2025-03,451098.46,0.0404
STATE-VF-ETCH-2025-03,STATE-PROD-DDR4-V20-2025-03,905701.42,0.081
STATE-VF-DEPO-2025-03,STATE-PROD-DDR5-2025-03,1856816.93,0.2223
STATE-VF-DEPO-2025-03,STATE-PROD-NAND-238L-2025-03,1303435.07,0.156
STATE-VF-DEPO-2025-03,STATE-PROD-V-NAND-V03-2025-03,589560.68,0.0706
STATE-VF-DEPO-2025-03,STATE-PROD-V-NAND-V05-2025-03,503420.63,0.0603
STATE-VF-DEPO-2025-03,STATE-PROD-DDR4-V08-2025-03,602527.03,0.0721
STATE-VF-DEPO-2025-03,STATE-PROD-DDR4-V10-2025-03,303031.65,0.0363
STATE-VF-DEPO-2025-03,STATE-PROD-V-NAND-V11-2025-03,512397.33,0.0613
STATE-VF-DEPO-2025-03,STATE-PROD-DDR4-V14-2025-03,333770.05,0.04
STATE-VF-DEPO-2025-03,STATE-PROD-V-NAND-V15-2025-03,241282.83,0.0289
STATE-VF-DEPO-2025-03,STATE-PROD-V-NAND-V17-2025-03,410842.73,0.0492
STATE-VF-DEPO-2025-03,STATE-PROD-DDR4-V18-2025-03,544314.49,0.0652
STATE-VF-DEPO-2025-03,STATE-PROD-V-NAND-V19-2025-03,566076.18,0.0678
STATE-VF-DEPO-2025-03,STATE-PROD-DDR4-V20-2025-03,585843.06,0.0701
STATE-VF-CMP-2025-03,STATE-PROD-V-NAND-V01-2025-03,1033566.99,0.2139
STATE-VF-CMP-2025-03,STATE-PROD-DDR4-V02-2025-03,237004.33,0.049
STATE-VF-CMP-2025-03,STATE-PROD-V-NAND-V07-2025-03,745866.55,0.1543
STATE-VF-CMP-2025-03,STATE-PROD-DDR4-V12-2025-03,525972.17,0.1088
STATE-VF-CMP-2025-03,STATE-PROD-DDR4-V14-2025-03,583163.72,0.1207
STATE-VF-CMP-2025-03,STATE-PROD-V-NAND-V17-2025-03,717825.27,0.1485
STATE-VF-CMP-2025-03,STATE-PROD-V-NAND-V19-2025-03,989049.47,0.2047
STATE-VF-DIFF-2025-03,STATE-PROD-DDR4-V04-2025-03,556025.48,0.1072
STATE-VF-DIFF-2025-03,STATE-PROD-DDR4-V08-2025-03,882443.11,0.1701
STATE-VF-DIFF-2025-03,STATE-PROD-V-NAND-V09-2025-03,963981.12,0.1858
STATE-VF-DIFF-2025-03,STATE-PROD-DDR4-V10-2025-03,443811.12,0.0855
STATE-VF-DIFF-2025-03,STATE-PROD-V-NAND-V11-2025-03,750441.84,0.1446
STATE-VF-DIFF-2025-03,STATE-PROD-DDR4-V12-2025-03,440889.56,0.085
STATE-VF-DIFF-2025-03,STATE-PROD-V-NAND-V15-2025-03,353375.64,0.0681
STATE-VF-DIFF-2025-03,STATE-PROD-DDR4-V18-2025-03,797186.75,0.1537
STATE-VF-IMP-2025-03,STATE-PROD-V-NAND-V03-2025-03,1577118.58,0.1457
STATE-VF-IMP-2025-03,STATE-PROD-V-NAND-V05-2025-03,1346687.54,0.1244
STATE-VF-IMP-2025-03,STATE-PROD-DDR4-V06-2025-03,1363181.55,0.126
STATE-VF-IMP-2025-03,STATE-PROD-V-NAND-V07-2025-03,1141967.74,0.1055
STATE-VF-IMP-2025-03,STATE-PROD-V-NAND-V09-2025-03,1760735.74,0.1627
STATE-VF-IMP-2025-03,STATE-PROD-V-NAND-V11-2025-03,1370700.88,0.1267
STATE-VF-IMP-2025-03,STATE-PROD-DDR4-V12-2025-03,805295.86,0.0744
STATE-VF-IMP-2025-03,STATE-PROD-DDR4-V18-2025-03,1456081.64,0.1346
STATE-VF-TSV-2025-03,STATE-PROD-HBM3E-2025-03,361779.93,0.1493
STATE-VF-TSV-2025-03,STATE-PROD-DDR4-V06-2025-03,414939.43,0.1712
STATE-VF-TSV-2025-03,STATE-PROD-DDR4-V08-2025-03,490617.88,0.2024
STATE-VF-TSV-2025-03,STATE-PROD-V-NAND-V13-2025-03,457540.86,0.1888
STATE-VF-TSV-2025-03,STATE-PROD-DDR4-V16-2025-03,237593.43,0.098
STATE-VF-TSV-2025-03,STATE-PROD-V-NAND-V19-2025-03,460937.16,0.1902
STATE-VF-MR-MUF-2025-03,STATE-PROD-HBM3E-2025-03,427559.17,0.1272
STATE-VF-MR-MUF-2025-03,STATE-PROD-DDR4-V04-2025-03,365344.95,0.1087
STATE-VF-MR-MUF-2025-03,STATE-PROD-V-NAND-V05-2025-03,484450.72,0.1442
STATE-VF-MR-MUF-2025-03,STATE-PROD-DDR4-V06-2025-03,490384.19,0.1459
STATE-VF-MR-MUF-2025-03,STATE-PROD-DDR4-V10-2025-03,291612.81,0.0868
STATE-VF-MR-MUF-2025-03,STATE-PROD-V-NAND-V15-2025-03,232190.81,0.0691
STATE-VF-MR-MUF-2025-03,STATE-PROD-DDR4-V18-2025-03,523803.61,0.1559
STATE-VF-MR-MUF-2025-03,STATE-PROD-V-NAND-V19-2025-03,544745.29,0.1621
STATE-VF-TEST-PKG-2025-03,STATE-PROD-HBM3E-2025-03,1422561.58,0.0622
STATE-VF-TEST-PKG-2025-03,STATE-PROD-DDR5-2025-03,5945146.14,0.2601
STATE-VF-TEST-PKG-2025-03,STATE-PROD-NAND-238L-2025-03,4173331.18,0.1826
STATE-VF-TEST-PKG-2025-03,STATE-PROD-V-NAND-V01-2025-03,1894039.14,0.0829
STATE-VF-TEST-PKG-2025-03,STATE-PROD-V-NAND-V03-2025-03,1887652.13,0.0826
STATE-VF-TEST-PKG-2025-03,STATE-PROD-DDR4-V08-2025-03,1929167.7,0.0844
STATE-VF-TEST-PKG-2025-03,STATE-PROD-DDR4-V10-2025-03,970245.06,0.0424
STATE-VF-TEST-PKG-2025-03,STATE-PROD-DDR4-V12-2025-03,963858.05,0.0422
STATE-VF-TEST-PKG-2025-03,STATE-PROD-V-NAND-V13-2025-03,1799104.92,0.0787
STATE-VF-TEST-PKG-2025-03,STATE-PROD-DDR4-V20-2025-03,1875749.06,0.0821
STATE-VF-BOND-2025-03,STATE-PROD-V-NAND-V01-2025-03,161864.95,0.1484
STATE-VF-BOND-2025-03,STATE-PROD-DDR4-V02-2025-03,37116.79,0.034
STATE-VF-BOND-2025-03,STATE-PROD-DDR4-V04-2025-03,103882.36,0.0953
STATE-VF-BOND-2025-03,STATE-PROD-V-NAND-V05-2025-03,137748.96,0.1263
STATE-VF-BOND-2025-03,STATE-PROD-DDR4-V06-2025-03,139436.08,0.1279
STATE-VF-BOND-2025-03,STATE-PROD-V-NAND-V07-2025-03,116808.73,0.1071
STATE-VF-BOND-2025-03,STATE-PROD-DDR4-V08-2025-03,164867.04,0.1512
STATE-VF-BOND-2025-03,STATE-PROD-DDR4-V10-2025-03,82917.33,0.076
STATE-VF-BOND-2025-03,STATE-PROD-V-NAND-V15-2025-03,66021.25,0.0605
STATE-VF-BOND-2025-03,STATE-PROD-DDR4-V16-2025-03,79840.8,0.0732
STATE-VF-MARK-2025-03,STATE-PROD-V-NAND-V09-2025-03,875497.82,0.2017
STATE-VF-MARK-2025-03,STATE-PROD-V-NAND-V11-2025-03,681559.19,0.157
STATE-VF-MARK-2025-03,STATE-PROD-V-NAND-V13-2025-03,747411.49,0.1722
STATE-VF-MARK-2025-03,STATE-PROD-DDR4-V14-2025-03,443960.25,0.1023
STATE-VF-MARK-2025-03,STATE-PROD-V-NAND-V15-2025-03,320939.48,0.074
STATE-VF-MARK-2025-03,STATE-PROD-V-NAND-V17-2025-03,546477.56,0.1259
STATE-VF-MARK-2025-03,STATE-PROD-DDR4-V18-2025-03,724013.42,0.1668
STATE-VF-PHOTO-2025-04,STATE-PROD-HBM3E-2025-04,326473.97,0.0759
STATE-VF-PHOTO-2025-04,STATE-PROD-DDR5-2025-04,1318922.12,0.3068
STATE-VF-PHOTO-2025-04,STATE-PROD-NAND-238L-2025-04,993743.95,0.2311
STATE-VF-PHOTO-2025-04,STATE-PROD-V-NAND-V01-2025-04,446506.19,0.1038
STATE-VF-PHOTO-2025-04,STATE-PROD-DDR4-V02-2025-04,94661.77,0.022
STATE-VF-PHOTO-2025-04,STATE-PROD-V-NAND-V07-2025-04,311674.55,0.0725
STATE-VF-PHOTO-2025-04,STATE-PROD-V-NAND-V11-2025-04,383898.48,0.0893
STATE-VF-PHOTO-2025-04,STATE-PROD-V-NAND-V13-2025-04,423727.35,0.0986
STATE-VF-ETCH-2025-04,STATE-PROD-HBM3E-2025-04,671040.51,0.0607
STATE-VF-ETCH-2025-04,STATE-PROD-DDR5-2025-04,2710936.36,0.2452
STATE-VF-ETCH-2025-04,STATE-PROD-NAND-238L-2025-04,2042559.27,0.1847
STATE-VF-ETCH-2025-04,STATE-PROD-V-NAND-V01-2025-04,917756.88,0.083
STATE-VF-ETCH-2025-04,STATE-PROD-DDR4-V06-2025-04,799585.35,0.0723
STATE-VF-ETCH-2025-04,STATE-PROD-V-NAND-V07-2025-04,640621.5,0.0579
STATE-VF-ETCH-2025-04,STATE-PROD-V-NAND-V09-2025-04,1066347.43,0.0964
STATE-VF-ETCH-2025-04,STATE-PROD-V-NAND-V13-2025-04,870936.84,0.0788
STATE-VF-ETCH-2025-04,STATE-PROD-DDR4-V16-2025-04,476611.18,0.0431
STATE-VF-ETCH-2025-04,STATE-PROD-DDR4-V20-2025-04,861684.98,0.0779
STATE-VF-DEPO-2025-04,STATE-PROD-DDR5-2025-04,1753539.54,0.2129
STATE-VF-DEPO-2025-04,STATE-PROD-NAND-238L-2025-04,1321207.12,0.1604
STATE-VF-DEPO-2025-04,STATE-PROD-V-NAND-V03-2025-04,557462.18,0.0677
STATE-VF-DEPO-2025-04,STATE-PROD-V-NAND-V05-2025-04,505687.47,0.0614
STATE-VF-DEPO-2025-04,STATE-PROD-DDR4-V08-2025-04,593641.0,0.0721
STATE-VF-DEPO-2025-04,STATE-PROD-DDR4-V10-2025-04,295687.08,0.0359
STATE-VF-DEPO-2025-04,STATE-PROD-V-NAND-V11-2025-04,510402.51,0.062
STATE-VF-DEPO-2025-04,STATE-PROD-DDR4-V14-2025-04,342928.1,0.0416
STATE-VF-DEPO-2025-04,STATE-PROD-V-NAND-V15-2025-04,246088.54,0.0299
STATE-VF-DEPO-2025-04,STATE-PROD-V-NAND-V17-2025-04,450739.18,0.0547
STATE-VF-DEPO-2025-04,STATE-PROD-DDR4-V18-2025-04,559457.0,0.0679
STATE-VF-DEPO-2025-04,STATE-PROD-V-NAND-V19-2025-04,540324.84,0.0656
STATE-VF-DEPO-2025-04,STATE-PROD-DDR4-V20-2025-04,557371.5,0.0677
STATE-VF-CMP-2025-04,STATE-PROD-V-NAND-V01-2025-04,1037210.78,0.2155
STATE-VF-CMP-2025-04,STATE-PROD-DDR4-V02-2025-04,219894.39,0.0457
STATE-VF-CMP-2025-04,STATE-PROD-V-NAND-V07-2025-04,724003.86,0.1504
STATE-VF-CMP-2025-04,STATE-PROD-DDR4-V12-2025-04,501891.51,0.1043
STATE-VF-CMP-2025-04,STATE-PROD-DDR4-V14-2025-04,599164.68,0.1245
STATE-VF-CMP-2025-04,STATE-PROD-V-NAND-V17-2025-04,787532.42,0.1636
STATE-VF-CMP-2025-04,STATE-PROD-V-NAND-V19-2025-04,944056.67,0.1961
STATE-VF-DIFF-2025-04,STATE-PROD-DDR4-V04-2025-04,540620.9,0.1039
STATE-VF-DIFF-2025-04,STATE-PROD-DDR4-V08-2025-04,869428.9,0.1672
STATE-VF-DIFF-2025-04,STATE-PROD-V-NAND-V09-2025-04,1010194.84,0.1942
STATE-VF-DIFF-2025-04,STATE-PROD-DDR4-V10-2025-04,433054.47,0.0833
STATE-VF-DIFF-2025-04,STATE-PROD-V-NAND-V11-2025-04,747520.28,0.1437
STATE-VF-DIFF-2025-04,STATE-PROD-DDR4-V12-2025-04,420704.25,0.0809
STATE-VF-DIFF-2025-04,STATE-PROD-V-NAND-V15-2025-04,360413.93,0.0693
STATE-VF-DIFF-2025-04,STATE-PROD-DDR4-V18-2025-04,819364.03,0.1575
STATE-VF-IMP-2025-04,STATE-PROD-V-NAND-V03-2025-04,1491252.7,0.1379
STATE-VF-IMP-2025-04,STATE-PROD-V-NAND-V05-2025-04,1352751.51,0.1251
STATE-VF-IMP-2025-04,STATE-PROD-DDR4-V06-2025-04,1383556.5,0.128
STATE-VF-IMP-2025-04,STATE-PROD-V-NAND-V07-2025-04,1108494.6,0.1025
STATE-VF-IMP-2025-04,STATE-PROD-V-NAND-V09-2025-04,1845146.27,0.1707
STATE-VF-IMP-2025-04,STATE-PROD-V-NAND-V11-2025-04,1365364.58,0.1263
STATE-VF-IMP-2025-04,STATE-PROD-DDR4-V12-2025-04,768426.89,0.0711
STATE-VF-IMP-2025-04,STATE-PROD-DDR4-V18-2025-04,1496588.99,0.1384
STATE-VF-TSV-2025-04,STATE-PROD-HBM3E-2025-04,353436.84,0.1468
STATE-VF-TSV-2025-04,STATE-PROD-DDR4-V06-2025-04,421141.37,0.1749
STATE-VF-TSV-2025-04,STATE-PROD-DDR4-V08-2025-04,483382.28,0.2008
STATE-VF-TSV-2025-04,STATE-PROD-V-NAND-V13-2025-04,458722.18,0.1905
STATE-VF-TSV-2025-04,STATE-PROD-DDR4-V16-2025-04,251030.97,0.1043
STATE-VF-TSV-2025-04,STATE-PROD-V-NAND-V19-2025-04,439968.69,0.1827
STATE-VF-MR-MUF-2025-04,STATE-PROD-HBM3E-2025-04,417699.13,0.1252
STATE-VF-MR-MUF-2025-04,STATE-PROD-DDR4-V04-2025-04,355223.14,0.1065
STATE-VF-MR-MUF-2025-04,STATE-PROD-V-NAND-V05-2025-04,486632.14,0.1458
STATE-VF-MR-MUF-2025-04,STATE-PROD-DDR4-V06-2025-04,497713.78,0.1492
STATE-VF-MR-MUF-2025-04,STATE-PROD-DDR4-V10-2025-04,284544.99,0.0853
STATE-VF-MR-MUF-2025-04,STATE-PROD-V-NAND-V15-2025-04,236815.43,0.071
STATE-VF-MR-MUF-2025-04,STATE-PROD-DDR4-V18-2025-04,538375.53,0.1613
STATE-VF-MR-MUF-2025-04,STATE-PROD-V-NAND-V19-2025-04,519964.31,0.1558
STATE-VF-TEST-PKG-2025-04,STATE-PROD-HBM3E-2025-04,1389755.57,0.0624
STATE-VF-TEST-PKG-2025-04,STATE-PROD-DDR5-2025-04,5614473.15,0.252
STATE-VF-TEST-PKG-2025-04,STATE-PROD-NAND-238L-2025-04,4230233.64,0.1899
STATE-VF-TEST-PKG-2025-04,STATE-PROD-V-NAND-V01-2025-04,1900716.47,0.0853
STATE-VF-TEST-PKG-2025-04,STATE-PROD-V-NAND-V03-2025-04,1784879.31,0.0801
STATE-VF-TEST-PKG-2025-04,STATE-PROD-DDR4-V08-2025-04,1900716.47,0.0853
STATE-VF-TEST-PKG-2025-04,STATE-PROD-DDR4-V10-2025-04,946729.25,0.0425
STATE-VF-TEST-PKG-2025-04,STATE-PROD-DDR4-V12-2025-04,919729.61,0.0413
STATE-VF-TEST-PKG-2025-04,STATE-PROD-V-NAND-V13-2025-04,1803750.02,0.081
STATE-VF-TEST-PKG-2025-04,STATE-PROD-DDR4-V20-2025-04,1784588.99,0.0801
STATE-VF-BOND-2025-04,STATE-PROD-V-NAND-V01-2025-04,162435.6,0.1495
STATE-VF-BOND-2025-04,STATE-PROD-DDR4-V02-2025-04,34437.24,0.0317
STATE-VF-BOND-2025-04,STATE-PROD-DDR4-V04-2025-04,101004.32,0.093
STATE-VF-BOND-2025-04,STATE-PROD-V-NAND-V05-2025-04,138369.23,0.1274
STATE-VF-BOND-2025-04,STATE-PROD-DDR4-V06-2025-04,141520.18,0.1303
STATE-VF-BOND-2025-04,STATE-PROD-V-NAND-V07-2025-04,113384.86,0.1044
STATE-VF-BOND-2025-04,STATE-PROD-DDR4-V08-2025-04,162435.6,0.1495
STATE-VF-BOND-2025-04,STATE-PROD-DDR4-V10-2025-04,80907.66,0.0745
STATE-VF-BOND-2025-04,STATE-PROD-V-NAND-V15-2025-04,67336.22,0.062
STATE-VF-BOND-2025-04,STATE-PROD-DDR4-V16-2025-04,84356.35,0.0777
STATE-VF-MARK-2025-04,STATE-PROD-V-NAND-V09-2025-04,917469.61,0.2051
STATE-VF-MARK-2025-04,STATE-PROD-V-NAND-V11-2025-04,678905.8,0.1518
STATE-VF-MARK-2025-04,STATE-PROD-V-NAND-V13-2025-04,749341.23,0.1675
STATE-VF-MARK-2025-04,STATE-PROD-DDR4-V14-2025-04,456141.72,0.102
STATE-VF-MARK-2025-04,STATE-PROD-V-NAND-V15-2025-04,327331.74,0.0732
STATE-VF-MARK-2025-04,STATE-PROD-V-NAND-V17-2025-04,599545.35,0.134
STATE-VF-MARK-2025-04,STATE-PROD-DDR4-V18-2025-04,744155.06,0.1664
STATE-VF-PHOTO-2025-05,STATE-PROD-HBM3E-2025-05,350753.22,0.0785
STATE-VF-PHOTO-2025-05,STATE-PROD-DDR5-2025-05,1344428.96,0.3008
STATE-VF-PHOTO-2025-05,STATE-PROD-NAND-238L-2025-05,1067127.28,0.2387
STATE-VF-PHOTO-2025-05,STATE-PROD-V-NAND-V01-2025-05,442550.58,0.099
STATE-VF-PHOTO-2025-05,STATE-PROD-DDR4-V02-2025-05,95480.17,0.0214
STATE-VF-PHOTO-2025-05,STATE-PROD-V-NAND-V07-2025-05,325109.97,0.0727
STATE-VF-PHOTO-2025-05,STATE-PROD-V-NAND-V11-2025-05,389218.08,0.0871
STATE-VF-PHOTO-2025-05,STATE-PROD-V-NAND-V13-2025-05,455167.6,0.1018
STATE-VF-ETCH-2025-05,STATE-PROD-HBM3E-2025-05,720944.5,0.0632
STATE-VF-ETCH-2025-05,STATE-PROD-DDR5-2025-05,2763363.59,0.2421
STATE-VF-ETCH-2025-05,STATE-PROD-NAND-238L-2025-05,2193392.69,0.1921
STATE-VF-ETCH-2025-05,STATE-PROD-V-NAND-V01-2025-05,909626.46,0.0797
STATE-VF-ETCH-2025-05,STATE-PROD-DDR4-V06-2025-05,850190.24,0.0745
STATE-VF-ETCH-2025-05,STATE-PROD-V-NAND-V07-2025-05,668236.91,0.0585
STATE-VF-ETCH-2025-05,STATE-PROD-V-NAND-V09-2025-05,1052749.99,0.0922
STATE-VF-ETCH-2025-05,STATE-PROD-V-NAND-V13-2025-05,935559.71,0.082
STATE-VF-ETCH-2025-05,STATE-PROD-DDR4-V16-2025-05,453201.16,0.0397
STATE-VF-ETCH-2025-05,STATE-PROD-DDR4-V20-2025-05,867993.07,0.076
STATE-VF-DEPO-2025-05,STATE-PROD-DDR5-2025-05,1787451.52,0.2131
STATE-VF-DEPO-2025-05,STATE-PROD-NAND-238L-2025-05,1418772.07,0.1692
STATE-VF-DEPO-2025-05,STATE-PROD-V-NAND-V03-2025-05,551749.73,0.0658
STATE-VF-DEPO-2025-05,STATE-PROD-V-NAND-V05-2025-05,500337.72,0.0597
STATE-VF-DEPO-2025-05,STATE-PROD-DDR4-V08-2025-05,598446.71,0.0713
STATE-VF-DEPO-2025-05,STATE-PROD-DDR4-V10-2025-05,298316.62,0.0356
STATE-VF-DEPO-2025-05,STATE-PROD-V-NAND-V11-2025-05,517475.06,0.0617
STATE-VF-DEPO-2025-05,STATE-PROD-DDR4-V14-2025-05,333770.05,0.0398
STATE-VF-DEPO-2025-05,STATE-PROD-V-NAND-V15-2025-05,237927.9,0.0284
STATE-VF-DEPO-2025-05,STATE-PROD-V-NAND-V17-2025-05,424987.84,0.0507
STATE-VF-DEPO-2025-05,STATE-PROD-DDR4-V18-2025-05,575415.58,0.0686
STATE-VF-DEPO-2025-05,STATE-PROD-V-NAND-V19-2025-05,581490.72,0.0693
STATE-VF-DEPO-2025-05,STATE-PROD-DDR4-V20-2025-05,561451.82,0.0669
STATE-VF-CMP-2025-05,STATE-PROD-V-NAND-V01-2025-05,1028022.1,0.211
STATE-VF-CMP-2025-05,STATE-PROD-DDR4-V02-2025-05,221795.49,0.0455
STATE-VF-CMP-2025-05,STATE-PROD-V-NAND-V07-2025-05,755213.65,0.155
STATE-VF-CMP-2025-05,STATE-PROD-DDR4-V12-2025-05,524863.19,0.1077
STATE-VF-CMP-2025-05,STATE-PROD-DDR4-V14-2025-05,583163.72,0.1197
STATE-VF-CMP-2025-05,STATE-PROD-V-NAND-V17-2025-05,742539.62,0.1524
STATE-VF-CMP-2025-05,STATE-PROD-V-NAND-V19-2025-05,1015981.78,0.2086
STATE-VF-DIFF-2025-05,STATE-PROD-DDR4-V04-2025-05,564657.35,0.1073
STATE-VF-DIFF-2025-05,STATE-PROD-DDR4-V08-2025-05,876467.19,0.1665
STATE-VF-DIFF-2025-05,STATE-PROD-V-NAND-V09-2025-05,997313.43,0.1894
STATE-VF-DIFF-2025-05,STATE-PROD-DDR4-V10-2025-05,436905.62,0.083
STATE-VF-DIFF-2025-05,STATE-PROD-V-NAND-V11-2025-05,757878.53,0.144
STATE-VF-DIFF-2025-05,STATE-PROD-DDR4-V12-2025-05,439959.97,0.0836
STATE-VF-DIFF-2025-05,STATE-PROD-V-NAND-V15-2025-05,348462.11,0.0662
STATE-VF-DIFF-2025-05,STATE-PROD-DDR4-V18-2025-05,842736.49,0.1601
STATE-VF-IMP-2025-05,STATE-PROD-V-NAND-V03-2025-05,1475971.48,0.1343
STATE-VF-IMP-2025-05,STATE-PROD-V-NAND-V05-2025-05,1338440.53,0.1218
STATE-VF-IMP-2025-05,STATE-PROD-DDR4-V06-2025-05,1471120.3,0.1339
STATE-VF-IMP-2025-05,STATE-PROD-V-NAND-V07-2025-05,1156278.72,0.1052
STATE-VF-IMP-2025-05,STATE-PROD-V-NAND-V09-2025-05,1821618.05,0.1657
STATE-VF-IMP-2025-05,STATE-PROD-V-NAND-V11-2025-05,1384284.18,0.126
STATE-VF-IMP-2025-05,STATE-PROD-DDR4-V12-2025-05,803597.95,0.0731
STATE-VF-IMP-2025-05,STATE-PROD-DDR4-V18-2025-05,1539279.38,0.1401
STATE-VF-TSV-2025-05,STATE-PROD-HBM3E-2025-05,379721.26,0.1507
STATE-VF-TSV-2025-05,STATE-PROD-DDR4-V06-2025-05,447794.95,0.1777
STATE-VF-TSV-2025-05,STATE-PROD-DDR4-V08-2025-05,487295.41,0.1934
STATE-VF-TSV-2025-05,STATE-PROD-V-NAND-V13-2025-05,492759.03,0.1956
STATE-VF-TSV-2025-05,STATE-PROD-DDR4-V16-2025-05,238700.92,0.0947
STATE-VF-TSV-2025-05,STATE-PROD-V-NAND-V19-2025-05,473488.71,0.1879
STATE-VF-MR-MUF-2025-05,STATE-PROD-HBM3E-2025-05,448762.62,0.1297
STATE-VF-MR-MUF-2025-05,STATE-PROD-DDR4-V04-2025-05,371016.65,0.1072
STATE-VF-MR-MUF-2025-05,STATE-PROD-V-NAND-V05-2025-05,481483.98,0.1392
STATE-VF-MR-MUF-2025-05,STATE-PROD-DDR4-V06-2025-05,529213.55,0.153
STATE-VF-MR-MUF-2025-05,STATE-PROD-DDR4-V10-2025-05,287075.44,0.083
STATE-VF-MR-MUF-2025-05,STATE-PROD-V-NAND-V15-2025-05,228962.3,0.0662
STATE-VF-MR-MUF-2025-05,STATE-PROD-DDR4-V18-2025-05,553732.76,0.16
STATE-VF-MR-MUF-2025-05,STATE-PROD-V-NAND-V19-2025-05,559578.97,0.1617
STATE-VF-TEST-PKG-2025-05,STATE-PROD-HBM3E-2025-05,1493109.03,0.065
STATE-VF-TEST-PKG-2025-05,STATE-PROD-DDR5-2025-05,5723052.34,0.2491
STATE-VF-TEST-PKG-2025-05,STATE-PROD-NAND-238L-2025-05,4542616.55,0.1977
STATE-VF-TEST-PKG-2025-05,STATE-PROD-V-NAND-V01-2025-05,1883877.98,0.082
STATE-VF-TEST-PKG-2025-05,STATE-PROD-V-NAND-V03-2025-05,1766589.23,0.0769
STATE-VF-TEST-PKG-2025-05,STATE-PROD-DDR4-V08-2025-05,1916103.36,0.0834
STATE-VF-TEST-PKG-2025-05,STATE-PROD-DDR4-V10-2025-05,955148.49,0.0416
STATE-VF-TEST-PKG-2025-05,STATE-PROD-DDR4-V12-2025-05,961825.82,0.0419
STATE-VF-TEST-PKG-2025-05,STATE-PROD-V-NAND-V13-2025-05,1937586.94,0.0843
STATE-VF-TEST-PKG-2025-05,STATE-PROD-DDR4-V20-2025-05,1797653.33,0.0782
STATE-VF-BOND-2025-05,STATE-PROD-V-NAND-V01-2025-05,160996.58,0.1467
STATE-VF-BOND-2025-05,STATE-PROD-DDR4-V02-2025-05,34734.97,0.0316
STATE-VF-BOND-2025-05,STATE-PROD-DDR4-V04-2025-05,105495.06,0.0961
STATE-VF-BOND-2025-05,STATE-PROD-V-NAND-V05-2025-05,136905.39,0.1247
STATE-VF-BOND-2025-05,STATE-PROD-DDR4-V06-2025-05,150476.84,0.1371
STATE-VF-BOND-2025-05,STATE-PROD-V-NAND-V07-2025-05,118272.57,0.1078
STATE-VF-BOND-2025-05,STATE-PROD-DDR4-V08-2025-05,163750.56,0.1492
STATE-VF-BOND-2025-05,STATE-PROD-DDR4-V10-2025-05,81627.17,0.0744
STATE-VF-BOND-2025-05,STATE-PROD-V-NAND-V15-2025-05,65103.25,0.0593
STATE-VF-BOND-2025-05,STATE-PROD-DDR4-V16-2025-05,80212.96,0.0731
STATE-VF-MARK-2025-05,STATE-PROD-V-NAND-V09-2025-05,905770.58,0.2017
STATE-VF-MARK-2025-05,STATE-PROD-V-NAND-V11-2025-05,688313.27,0.1533
STATE-VF-MARK-2025-05,STATE-PROD-V-NAND-V13-2025-05,804941.79,0.1793
STATE-VF-MARK-2025-05,STATE-PROD-DDR4-V14-2025-05,443960.25,0.0989
STATE-VF-MARK-2025-05,STATE-PROD-V-NAND-V15-2025-05,316476.96,0.0705
STATE-VF-MARK-2025-05,STATE-PROD-V-NAND-V17-2025-05,565292.5,0.1259
STATE-VF-MARK-2025-05,STATE-PROD-DDR4-V18-2025-05,765382.17,0.1705
STATE-VF-PHOTO-2025-06,STATE-PROD-HBM3E-2025-06,370256.53,0.0826
STATE-VF-PHOTO-2025-06,STATE-PROD-DDR5-2025-06,1394913.37,0.3113
STATE-VF-PHOTO-2025-06,STATE-PROD-NAND-238L-2025-06,1030312.85,0.23
STATE-VF-PHOTO-2025-06,STATE-PROD-V-NAND-V01-2025-06,436856.04,0.0975
STATE-VF-PHOTO-2025-06,STATE-PROD-DDR4-V02-2025-06,104353.38,0.0233
STATE-VF-PHOTO-2025-06,STATE-PROD-V-NAND-V07-2025-06,311575.43,0.0695
STATE-VF-PHOTO-2025-06,STATE-PROD-V-NAND-V11-2025-06,388567.86,0.0867
STATE-VF-PHOTO-2025-06,STATE-PROD-V-NAND-V13-2025-06,443501.85,0.099
STATE-VF-ETCH-2025-06,STATE-PROD-HBM3E-2025-06,734121.4,0.0659
STATE-VF-ETCH-2025-06,STATE-PROD-DDR5-2025-06,2765746.65,0.2484
STATE-VF-ETCH-2025-06,STATE-PROD-NAND-238L-2025-06,2042839.63,0.1835
STATE-VF-ETCH-2025-06,STATE-PROD-V-NAND-V01-2025-06,866170.73,0.0778
STATE-VF-ETCH-2025-06,STATE-PROD-DDR4-V06-2025-06,806173.79,0.0724
STATE-VF-ETCH-2025-06,STATE-PROD-V-NAND-V07-2025-06,617772.2,0.0555
STATE-VF-ETCH-2025-06,STATE-PROD-V-NAND-V09-2025-06,1030881.95,0.0926
STATE-VF-ETCH-2025-06,STATE-PROD-V-NAND-V13-2025-06,879347.63,0.079
STATE-VF-ETCH-2025-06,STATE-PROD-DDR4-V16-2025-06,462733.38,0.0416
STATE-VF-ETCH-2025-06,STATE-PROD-DDR4-V20-2025-06,927990.01,0.0833
STATE-VF-DEPO-2025-06,STATE-PROD-DDR5-2025-06,1788992.97,0.2148
STATE-VF-DEPO-2025-06,STATE-PROD-NAND-238L-2025-06,1321388.47,0.1587
STATE-VF-DEPO-2025-06,STATE-PROD-V-NAND-V03-2025-06,553109.84,0.0664
STATE-VF-DEPO-2025-06,STATE-PROD-V-NAND-V05-2025-06,480117.47,0.0576
STATE-VF-DEPO-2025-06,STATE-PROD-DDR4-V08-2025-06,597721.32,0.0718
STATE-VF-DEPO-2025-06,STATE-PROD-DDR4-V10-2025-06,297409.88,0.0357
STATE-VF-DEPO-2025-06,STATE-PROD-V-NAND-V11-2025-06,498342.9,0.0598
STATE-VF-DEPO-2025-06,STATE-PROD-DDR4-V14-2025-06,342928.1,0.0412
STATE-VF-DEPO-2025-06,STATE-PROD-V-NAND-V15-2025-06,239197.34,0.0287
STATE-VF-DEPO-2025-06,STATE-PROD-V-NAND-V17-2025-06,434780.6,0.0522
STATE-VF-DEPO-2025-06,STATE-PROD-DDR4-V18-2025-06,582034.76,0.0699
STATE-VF-DEPO-2025-06,STATE-PROD-V-NAND-V19-2025-06,592099.55,0.0711
STATE-VF-DEPO-2025-06,STATE-PROD-DDR4-V20-2025-06,600260.19,0.0721
STATE-VF-CMP-2025-06,STATE-PROD-V-NAND-V01-2025-06,978910.25,0.2037
STATE-VF-CMP-2025-06,STATE-PROD-DDR4-V02-2025-06,233835.82,0.0487
STATE-VF-CMP-2025-06,STATE-PROD-V-NAND-V07-2025-06,698180.52,0.1453
STATE-VF-CMP-2025-06,STATE-PROD-DDR4-V12-2025-06,500307.26,0.1041
STATE-VF-CMP-2025-06,STATE-PROD-DDR4-V14-2025-06,599164.68,0.1247
STATE-VF-CMP-2025-06,STATE-PROD-V-NAND-V17-2025-06,759649.56,0.1581
STATE-VF-CMP-2025-06,STATE-PROD-V-NAND-V19-2025-06,1034517.54,0.2153
STATE-VF-DIFF-2025-06,STATE-PROD-DDR4-V04-2025-06,562134.19,0.1081
STATE-VF-DIFF-2025-06,STATE-PROD-DDR4-V08-2025-06,875404.81,0.1683
STATE-VF-DIFF-2025-06,STATE-PROD-V-NAND-V09-2025-06,976596.93,0.1877
STATE-VF-DIFF-2025-06,STATE-PROD-DDR4-V10-2025-06,435577.64,0.0837
STATE-VF-DIFF-2025-06,STATE-PROD-V-NAND-V11-2025-06,729858.14,0.1403
STATE-VF-DIFF-2025-06,STATE-PROD-DDR4-V12-2025-06,419376.27,0.0806
STATE-VF-DIFF-2025-06,STATE-PROD-V-NAND-V15-2025-06,350321.28,0.0673
STATE-VF-DIFF-2025-06,STATE-PROD-DDR4-V18-2025-06,852430.75,0.1639
STATE-VF-IMP-2025-06,STATE-PROD-V-NAND-V03-2025-06,1479609.86,0.1387
STATE-VF-IMP-2025-06,STATE-PROD-V-NAND-V05-2025-06,1284349.87,0.1204
STATE-VF-IMP-2025-06,STATE-PROD-DDR4-V06-2025-06,1394956.78,0.1308
STATE-VF-IMP-2025-06,STATE-PROD-V-NAND-V07-2025-06,1068957.49,0.1002
STATE-VF-IMP-2025-06,STATE-PROD-V-NAND-V09-2025-06,1783778.84,0.1672
STATE-VF-IMP-2025-06,STATE-PROD-V-NAND-V11-2025-06,1333104.23,0.125
STATE-VF-IMP-2025-06,STATE-PROD-DDR4-V12-2025-06,766001.3,0.0718
STATE-VF-IMP-2025-06,STATE-PROD-DDR4-V18-2025-06,1556986.18,0.146
STATE-VF-TSV-2025-06,STATE-PROD-HBM3E-2025-06,386661.53,0.1555
STATE-VF-TSV-2025-06,STATE-PROD-DDR4-V06-2025-06,424611.5,0.1707
STATE-VF-TSV-2025-06,STATE-PROD-DDR4-V08-2025-06,486704.75,0.1957
STATE-VF-TSV-2025-06,STATE-PROD-V-NAND-V13-2025-06,463152.14,0.1862
STATE-VF-TSV-2025-06,STATE-PROD-DDR4-V16-2025-06,243721.54,0.098
STATE-VF-TSV-2025-06,STATE-PROD-V-NAND-V19-2025-06,482127.13,0.1939
STATE-VF-MR-MUF-2025-06,STATE-PROD-HBM3E-2025-06,456964.77,0.133
STATE-VF-MR-MUF-2025-06,STATE-PROD-DDR4-V04-2025-06,369358.77,0.1075
STATE-VF-MR-MUF-2025-06,STATE-PROD-V-NAND-V05-2025-06,462025.68,0.1344
STATE-VF-MR-MUF-2025-06,STATE-PROD-DDR4-V06-2025-06,501814.86,0.146
STATE-VF-MR-MUF-2025-06,STATE-PROD-DDR4-V10-2025-06,286202.87,0.0833
STATE-VF-MR-MUF-2025-06,STATE-PROD-V-NAND-V15-2025-06,230183.9,0.067
STATE-VF-MR-MUF-2025-06,STATE-PROD-DDR4-V18-2025-06,560102.52,0.163
STATE-VF-MR-MUF-2025-06,STATE-PROD-V-NAND-V19-2025-06,569788.04,0.1658
STATE-VF-TEST-PKG-2025-06,STATE-PROD-HBM3E-2025-06,1520398.98,0.0674
STATE-VF-TEST-PKG-2025-06,STATE-PROD-DDR5-2025-06,5727987.76,0.2538
STATE-VF-TEST-PKG-2025-06,STATE-PROD-NAND-238L-2025-06,4230814.28,0.1875
STATE-VF-TEST-PKG-2025-06,STATE-PROD-V-NAND-V01-2025-06,1793879.19,0.0795
STATE-VF-TEST-PKG-2025-06,STATE-PROD-V-NAND-V03-2025-06,1770944.01,0.0785
STATE-VF-TEST-PKG-2025-06,STATE-PROD-DDR4-V08-2025-06,1913780.81,0.0848
STATE-VF-TEST-PKG-2025-06,STATE-PROD-DDR4-V10-2025-06,952245.3,0.0422
STATE-VF-TEST-PKG-2025-06,STATE-PROD-DDR4-V12-2025-06,916826.42,0.0406
STATE-VF-TEST-PKG-2025-06,STATE-PROD-V-NAND-V13-2025-06,1821169.15,0.0807
STATE-VF-TEST-PKG-2025-06,STATE-PROD-DDR4-V20-2025-06,1921909.73,0.0852
STATE-VF-BOND-2025-06,STATE-PROD-V-NAND-V01-2025-06,153305.26,0.1432
STATE-VF-BOND-2025-06,STATE-PROD-DDR4-V02-2025-06,36620.58,0.0342
STATE-VF-BOND-2025-06,STATE-PROD-DDR4-V04-2025-06,105023.66,0.0981
STATE-VF-BOND-2025-06,STATE-PROD-V-NAND-V05-2025-06,131372.61,0.1227
STATE-VF-BOND-2025-06,STATE-PROD-DDR4-V06-2025-06,142686.29,0.1333
STATE-VF-BOND-2025-06,STATE-PROD-V-NAND-V07-2025-06,109340.72,0.1021
STATE-VF-BOND-2025-06,STATE-PROD-DDR4-V08-2025-06,163552.08,0.1528
STATE-VF-BOND-2025-06,STATE-PROD-DDR4-V10-2025-06,81379.07,0.076
STATE-VF-BOND-2025-06,STATE-PROD-V-NAND-V15-2025-06,65450.6,0.0611
STATE-VF-BOND-2025-06,STATE-PROD-DDR4-V16-2025-06,81900.09,0.0765
STATE-VF-MARK-2025-06,STATE-PROD-V-NAND-V09-2025-06,886955.64,0.2001
STATE-VF-MARK-2025-06,STATE-PROD-V-NAND-V11-2025-06,662864.86,0.1495
STATE-VF-MARK-2025-06,STATE-PROD-V-NAND-V13-2025-06,756577.74,0.1707
STATE-VF-MARK-2025-06,STATE-PROD-DDR4-V14-2025-06,456141.72,0.1029
STATE-VF-MARK-2025-06,STATE-PROD-V-NAND-V15-2025-06,318165.48,0.0718
STATE-VF-MARK-2025-06,STATE-PROD-V-NAND-V17-2025-06,578318.23,0.1305
STATE-VF-MARK-2025-06,STATE-PROD-DDR4-V18-2025-06,774186.6,0.1746
STATE-VF-PHOTO-2025-07,STATE-PROD-HBM3E-2025-07,343660.4,0.0789
STATE-VF-PHOTO-2025-07,STATE-PROD-DDR5-2025-07,1298052.88,0.2981
STATE-VF-PHOTO-2025-07,STATE-PROD-NAND-238L-2025-07,1070537.28,0.2459
STATE-VF-PHOTO-2025-07,STATE-PROD-V-NAND-V01-2025-07,410223.72,0.0942
STATE-VF-PHOTO-2025-07,STATE-PROD-DDR4-V02-2025-07,102163.78,0.0235
STATE-VF-PHOTO-2025-07,STATE-PROD-V-NAND-V07-2025-07,322109.17,0.074
STATE-VF-PHOTO-2025-07,STATE-PROD-V-NAND-V11-2025-07,386694.68,0.0888
STATE-VF-PHOTO-2025-07,STATE-PROD-V-NAND-V13-2025-07,420794.74,0.0966
STATE-VF-ETCH-2025-07,STATE-PROD-HBM3E-2025-07,706365.81,0.063
STATE-VF-ETCH-2025-07,STATE-PROD-DDR5-2025-07,2668041.35,0.2378
STATE-VF-ETCH-2025-07,STATE-PROD-NAND-238L-2025-07,2200401.68,0.1961
STATE-VF-ETCH-2025-07,STATE-PROD-V-NAND-V01-2025-07,843181.25,0.0752
STATE-VF-ETCH-2025-07,STATE-PROD-DDR4-V06-2025-07,839256.22,0.0748
STATE-VF-ETCH-2025-07,STATE-PROD-V-NAND-V07-2025-07,662069.0,0.059
STATE-VF-ETCH-2025-07,STATE-PROD-V-NAND-V09-2025-07,1050647.29,0.0936
STATE-VF-ETCH-2025-07,STATE-PROD-V-NAND-V13-2025-07,864909.11,0.0771
STATE-VF-ETCH-2025-07,STATE-PROD-DDR4-V16-2025-07,478994.24,0.0427
STATE-VF-ETCH-2025-07,STATE-PROD-DDR4-V20-2025-07,905421.06,0.0807
STATE-VF-DEPO-2025-07,STATE-PROD-DDR5-2025-07,1725793.37,0.2067
STATE-VF-DEPO-2025-07,STATE-PROD-NAND-238L-2025-07,1423305.76,0.1705
STATE-VF-DEPO-2025-07,STATE-PROD-V-NAND-V03-2025-07,566438.88,0.0678
STATE-VF-DEPO-2025-07,STATE-PROD-V-NAND-V05-2025-07,480570.84,0.0576
STATE-VF-DEPO-2025-07,STATE-PROD-DDR4-V08-2025-07,634988.23,0.076
STATE-VF-DEPO-2025-07,STATE-PROD-DDR4-V10-2025-07,286891.73,0.0344
STATE-VF-DEPO-2025-07,STATE-PROD-V-NAND-V11-2025-07,514120.13,0.0616
STATE-VF-DEPO-2025-07,STATE-PROD-DDR4-V14-2025-07,330687.14,0.0396
STATE-VF-DEPO-2025-07,STATE-PROD-V-NAND-V15-2025-07,238381.27,0.0285
STATE-VF-DEPO-2025-07,STATE-PROD-V-NAND-V17-2025-07,450467.16,0.0539
STATE-VF-DEPO-2025-07,STATE-PROD-DDR4-V18-2025-07,541594.27,0.0649
STATE-VF-DEPO-2025-07,STATE-PROD-V-NAND-V19-2025-07,571063.24,0.0684
STATE-VF-DEPO-2025-07,STATE-PROD-DDR4-V20-2025-07,585661.71,0.0701
STATE-VF-CMP-2025-07,STATE-PROD-V-NAND-V01-2025-07,952928.49,0.1988
STATE-VF-CMP-2025-07,STATE-PROD-DDR4-V02-2025-07,237321.18,0.0495
STATE-VF-CMP-2025-07,STATE-PROD-V-NAND-V07-2025-07,748242.93,0.1561
STATE-VF-CMP-2025-07,STATE-PROD-DDR4-V12-2025-07,492861.27,0.1028
STATE-VF-CMP-2025-07,STATE-PROD-DDR4-V14-2025-07,577777.26,0.1205
STATE-VF-CMP-2025-07,STATE-PROD-V-NAND-V17-2025-07,787057.15,0.1642
STATE-VF-CMP-2025-07,STATE-PROD-V-NAND-V19-2025-07,997762.86,0.2081
STATE-VF-DIFF-2025-07,STATE-PROD-DDR4-V04-2025-07,560806.21,0.1075
STATE-VF-DIFF-2025-07,STATE-PROD-DDR4-V08-2025-07,929984.81,0.1783
STATE-VF-DIFF-2025-07,STATE-PROD-V-NAND-V09-2025-07,995321.46,0.1909
STATE-VF-DIFF-2025-07,STATE-PROD-DDR4-V10-2025-07,420173.06,0.0806
STATE-VF-DIFF-2025-07,STATE-PROD-V-NAND-V11-2025-07,752965.0,0.1444
STATE-VF-DIFF-2025-07,STATE-PROD-DDR4-V12-2025-07,413134.76,0.0792
STATE-VF-DIFF-2025-07,STATE-PROD-V-NAND-V15-2025-07,349126.1,0.067
STATE-VF-DIFF-2025-07,STATE-PROD-DDR4-V18-2025-07,793202.81,0.1521
STATE-VF-IMP-2025-07,STATE-PROD-V-NAND-V03-2025-07,1515266.04,0.1404
STATE-VF-IMP-2025-07,STATE-PROD-V-NAND-V05-2025-07,1285562.67,0.1191
STATE-VF-IMP-2025-07,STATE-PROD-DDR4-V06-2025-07,1452200.7,0.1345
STATE-VF-IMP-2025-07,STATE-PROD-V-NAND-V07-2025-07,1145606.13,0.1061
STATE-VF-IMP-2025-07,STATE-PROD-V-NAND-V09-2025-07,1817979.66,0.1684
STATE-VF-IMP-2025-07,STATE-PROD-V-NAND-V11-2025-07,1375309.5,0.1274
STATE-VF-IMP-2025-07,STATE-PROD-DDR4-V12-2025-07,754601.03,0.0699
STATE-VF-IMP-2025-07,STATE-PROD-DDR4-V18-2025-07,1448804.87,0.1342
STATE-VF-TSV-2025-07,STATE-PROD-HBM3E-2025-07,372042.67,0.1486
STATE-VF-TSV-2025-07,STATE-PROD-DDR4-V06-2025-07,442036.01,0.1765
STATE-VF-TSV-2025-07,STATE-PROD-DDR4-V08-2025-07,517049.97,0.2065
STATE-VF-TSV-2025-07,STATE-PROD-V-NAND-V13-2025-07,455547.38,0.1819
STATE-VF-TSV-2025-07,STATE-PROD-DDR4-V16-2025-07,252286.13,0.1008
STATE-VF-TSV-2025-07,STATE-PROD-V-NAND-V19-2025-07,464997.96,0.1857
STATE-VF-MR-MUF-2025-07,STATE-PROD-HBM3E-2025-07,439687.89,0.1305
STATE-VF-MR-MUF-2025-07,STATE-PROD-DDR4-V04-2025-07,368486.2,0.1094
STATE-VF-MR-MUF-2025-07,STATE-PROD-V-NAND-V05-2025-07,462461.96,0.1373
STATE-VF-MR-MUF-2025-07,STATE-PROD-DDR4-V06-2025-07,522407.5,0.1551
STATE-VF-MR-MUF-2025-07,STATE-PROD-DDR4-V10-2025-07,276081.07,0.0819
STATE-VF-MR-MUF-2025-07,STATE-PROD-V-NAND-V15-2025-07,229398.58,0.0681
STATE-VF-MR-MUF-2025-07,STATE-PROD-DDR4-V18-2025-07,521185.91,0.1547
STATE-VF-MR-MUF-2025-07,STATE-PROD-V-NAND-V19-2025-07,549544.42,0.1631
STATE-VF-TEST-PKG-2025-07,STATE-PROD-HBM3E-2025-07,1462915.88,0.0647
STATE-VF-TEST-PKG-2025-07,STATE-PROD-DDR5-2025-07,5525635.64,0.2442
STATE-VF-TEST-PKG-2025-07,STATE-PROD-NAND-238L-2025-07,4557132.48,0.2014
STATE-VF-TEST-PKG-2025-07,STATE-PROD-V-NAND-V01-2025-07,1746266.92,0.0772
STATE-VF-TEST-PKG-2025-07,STATE-PROD-V-NAND-V03-2025-07,1813620.86,0.0802
STATE-VF-TEST-PKG-2025-07,STATE-PROD-DDR4-V08-2025-07,2033101.79,0.0899
STATE-VF-TEST-PKG-2025-07,STATE-PROD-DDR4-V10-2025-07,918568.34,0.0406
STATE-VF-TEST-PKG-2025-07,STATE-PROD-DDR4-V12-2025-07,903181.45,0.0399
STATE-VF-TEST-PKG-2025-07,STATE-PROD-V-NAND-V13-2025-07,1791266.32,0.0792
STATE-VF-TEST-PKG-2025-07,STATE-PROD-DDR4-V20-2025-07,1875168.42,0.0829
STATE-VF-BOND-2025-07,STATE-PROD-V-NAND-V01-2025-07,149236.31,0.1368
STATE-VF-BOND-2025-07,STATE-PROD-DDR4-V02-2025-07,37166.42,0.0341
STATE-VF-BOND-2025-07,STATE-PROD-DDR4-V04-2025-07,104775.55,0.0961
STATE-VF-BOND-2025-07,STATE-PROD-V-NAND-V05-2025-07,131496.66,0.1206
STATE-VF-BOND-2025-07,STATE-PROD-DDR4-V06-2025-07,148541.61,0.1362
STATE-VF-BOND-2025-07,STATE-PROD-V-NAND-V07-2025-07,117180.89,0.1074
STATE-VF-BOND-2025-07,STATE-PROD-DDR4-V08-2025-07,173749.27,0.1593
STATE-VF-BOND-2025-07,STATE-PROD-DDR4-V10-2025-07,78501.03,0.072
STATE-VF-BOND-2025-07,STATE-PROD-V-NAND-V15-2025-07,65227.31,0.0598
STATE-VF-BOND-2025-07,STATE-PROD-DDR4-V16-2025-07,84778.13,0.0777
STATE-VF-MARK-2025-07,STATE-PROD-V-NAND-V09-2025-07,903961.45,0.2051
STATE-VF-MARK-2025-07,STATE-PROD-V-NAND-V11-2025-07,683850.76,0.1551
STATE-VF-MARK-2025-07,STATE-PROD-V-NAND-V13-2025-07,744155.06,0.1688
STATE-VF-MARK-2025-07,STATE-PROD-DDR4-V14-2025-07,439859.56,0.0998
STATE-VF-MARK-2025-07,STATE-PROD-V-NAND-V15-2025-07,317080.01,0.0719
STATE-VF-MARK-2025-07,STATE-PROD-V-NAND-V17-2025-07,599183.52,0.1359
STATE-VF-MARK-2025-07,STATE-PROD-DDR4-V18-2025-07,720395.16,0.1634
STATE-VF-PHOTO-2025-08,STATE-PROD-HBM3E-2025-08,353549.42,0.0794
STATE-VF-PHOTO-2025-08,STATE-PROD-DDR5-2025-08,1405877.27,0.3157
STATE-VF-PHOTO-2025-08,STATE-PROD-NAND-238L-2025-08,1048713.24,0.2355
STATE-VF-PHOTO-2025-08,STATE-PROD-V-NAND-V01-2025-08,437026.37,0.0981
STATE-VF-PHOTO-2025-08,STATE-PROD-DDR4-V02-2025-08,95752.97,0.0215
STATE-VF-PHOTO-2025-08,STATE-PROD-V-NAND-V07-2025-08,312220.15,0.0701
STATE-VF-PHOTO-2025-08,STATE-PROD-V-NAND-V11-2025-08,375305.26,0.0843
STATE-VF-PHOTO-2025-08,STATE-PROD-V-NAND-V13-2025-08,425432.35,0.0955
STATE-VF-ETCH-2025-08,STATE-PROD-HBM3E-2025-08,726691.87,0.0636
STATE-VF-ETCH-2025-08,STATE-PROD-DDR5-2025-08,2889665.55,0.2529
STATE-VF-ETCH-2025-08,STATE-PROD-NAND-238L-2025-08,2155544.16,0.1887
STATE-VF-ETCH-2025-08,STATE-PROD-V-NAND-V01-2025-08,898271.9,0.0786
STATE-VF-ETCH-2025-08,STATE-PROD-DDR4-V06-2025-08,840517.84,0.0736
STATE-VF-ETCH-2025-08,STATE-PROD-V-NAND-V07-2025-08,641742.94,0.0562
STATE-VF-ETCH-2025-08,STATE-PROD-V-NAND-V09-2025-08,1025555.12,0.0898
STATE-VF-ETCH-2025-08,STATE-PROD-V-NAND-V13-2025-08,874441.34,0.0765
STATE-VF-ETCH-2025-08,STATE-PROD-DDR4-V16-2025-08,470022.73,0.0411
STATE-VF-ETCH-2025-08,STATE-PROD-DDR4-V20-2025-08,902477.29,0.079
STATE-VF-DEPO-2025-08,STATE-PROD-DDR5-2025-08,1869148.56,0.2196
STATE-VF-DEPO-2025-08,STATE-PROD-NAND-238L-2025-08,1394290.16,0.1638
STATE-VF-DEPO-2025-08,STATE-PROD-V-NAND-V03-2025-08,591555.51,0.0695
STATE-VF-DEPO-2025-08,STATE-PROD-V-NAND-V05-2025-08,500609.74,0.0588
STATE-VF-DEPO-2025-08,STATE-PROD-DDR4-V08-2025-08,646594.47,0.076
STATE-VF-DEPO-2025-08,STATE-PROD-DDR4-V10-2025-08,316088.67,0.0371
STATE-VF-DEPO-2025-08,STATE-PROD-V-NAND-V11-2025-08,498977.61,0.0586
STATE-VF-DEPO-2025-08,STATE-PROD-DDR4-V14-2025-08,319352.93,0.0375
STATE-VF-DEPO-2025-08,STATE-PROD-V-NAND-V15-2025-08,244547.09,0.0287
STATE-VF-DEPO-2025-08,STATE-PROD-V-NAND-V17-2025-08,426982.66,0.0502
STATE-VF-DEPO-2025-08,STATE-PROD-DDR4-V18-2025-08,557915.55,0.0655
STATE-VF-DEPO-2025-08,STATE-PROD-V-NAND-V19-2025-08,563355.97,0.0662
STATE-VF-DEPO-2025-08,STATE-PROD-DDR4-V20-2025-08,583757.56,0.0686
STATE-VF-CMP-2025-08,STATE-PROD-V-NAND-V01-2025-08,1015189.65,0.2145
STATE-VF-CMP-2025-08,STATE-PROD-DDR4-V02-2025-08,222429.19,0.047
STATE-VF-CMP-2025-08,STATE-PROD-V-NAND-V07-2025-08,725271.26,0.1532
STATE-VF-CMP-2025-08,STATE-PROD-DDR4-V12-2025-08,481929.92,0.1018
STATE-VF-CMP-2025-08,STATE-PROD-DDR4-V14-2025-08,557974.09,0.1179
STATE-VF-CMP-2025-08,STATE-PROD-V-NAND-V17-2025-08,746024.98,0.1576
STATE-VF-CMP-2025-08,STATE-PROD-V-NAND-V19-2025-08,984296.71,0.208
STATE-VF-DIFF-2025-08,STATE-PROD-DDR4-V04-2025-08,593740.13,0.1123
STATE-VF-DIFF-2025-08,STATE-PROD-DDR4-V08-2025-08,946982.96,0.1792
STATE-VF-DIFF-2025-08,STATE-PROD-V-NAND-V09-2025-08,971550.61,0.1838
STATE-VF-DIFF-2025-08,STATE-PROD-DDR4-V10-2025-08,462934.04,0.0876
STATE-VF-DIFF-2025-08,STATE-PROD-V-NAND-V11-2025-08,730787.72,0.1383
STATE-VF-DIFF-2025-08,STATE-PROD-DDR4-V12-2025-08,403971.7,0.0764
STATE-VF-DIFF-2025-08,STATE-PROD-V-NAND-V15-2025-08,358156.37,0.0678
STATE-VF-DIFF-2025-08,STATE-PROD-DDR4-V18-2025-08,817106.46,0.1546
STATE-VF-IMP-2025-08,STATE-PROD-V-NAND-V03-2025-08,1582454.88,0.1462
STATE-VF-IMP-2025-08,STATE-PROD-V-NAND-V05-2025-08,1339168.21,0.1237
STATE-VF-IMP-2025-08,STATE-PROD-DDR4-V06-2025-08,1454383.73,0.1343
STATE-VF-IMP-2025-08,STATE-PROD-V-NAND-V07-2025-08,1110435.08,0.1026
STATE-VF-IMP-2025-08,STATE-PROD-V-NAND-V09-2025-08,1774561.6,0.1639
STATE-VF-IMP-2025-08,STATE-PROD-V-NAND-V11-2025-08,1334802.14,0.1233
STATE-VF-IMP-2025-08,STATE-PROD-DDR4-V12-2025-08,737864.46,0.0682
STATE-VF-IMP-2025-08,STATE-PROD-DDR4-V18-2025-08,1492465.49,0.1379
STATE-VF-TSV-2025-08,STATE-PROD-HBM3E-2025-08,382748.4,0.152
STATE-VF-TSV-2025-08,STATE-PROD-DDR4-V06-2025-08,442700.5,0.1758
STATE-VF-TSV-2025-08,STATE-PROD-DDR4-V08-2025-08,526500.55,0.209
STATE-VF-TSV-2025-08,STATE-PROD-V-NAND-V13-2025-08,460568.0,0.1829
STATE-VF-TSV-2025-08,STATE-PROD-DDR4-V16-2025-08,247560.84,0.0983
STATE-VF-TSV-2025-08,STATE-PROD-V-NAND-V19-2025-08,458722.18,0.1821
STATE-VF-MR-MUF-2025-08,STATE-PROD-HBM3E-2025-08,452340.15,0.1305
STATE-VF-MR-MUF-2025-08,STATE-PROD-DDR4-V04-2025-08,390125.93,0.1126
STATE-VF-MR-MUF-2025-08,STATE-PROD-V-NAND-V05-2025-08,481745.75,0.139
STATE-VF-MR-MUF-2025-08,STATE-PROD-DDR4-V06-2025-08,523192.82,0.151
STATE-VF-MR-MUF-2025-08,STATE-PROD-DDR4-V10-2025-08,304177.81,0.0878
STATE-VF-MR-MUF-2025-08,STATE-PROD-V-NAND-V15-2025-08,235332.06,0.0679
STATE-VF-MR-MUF-2025-08,STATE-PROD-DDR4-V18-2025-08,536892.16,0.1549
STATE-VF-MR-MUF-2025-08,STATE-PROD-V-NAND-V19-2025-08,542127.58,0.1564
STATE-VF-TEST-PKG-2025-08,STATE-PROD-HBM3E-2025-08,1505012.09,0.0644
STATE-VF-TEST-PKG-2025-08,STATE-PROD-DDR5-2025-08,5984629.49,0.2563
STATE-VF-TEST-PKG-2025-08,STATE-PROD-NAND-238L-2025-08,4464230.5,0.1912
STATE-VF-TEST-PKG-2025-08,STATE-PROD-V-NAND-V01-2025-08,1860362.17,0.0797
STATE-VF-TEST-PKG-2025-08,STATE-PROD-V-NAND-V03-2025-08,1894039.14,0.0811
STATE-VF-TEST-PKG-2025-08,STATE-PROD-DDR4-V08-2025-08,2070262.58,0.0886
STATE-VF-TEST-PKG-2025-08,STATE-PROD-DDR4-V10-2025-08,1012050.95,0.0433
STATE-VF-TEST-PKG-2025-08,STATE-PROD-DDR4-V12-2025-08,883149.46,0.0378
STATE-VF-TEST-PKG-2025-08,STATE-PROD-V-NAND-V13-2025-08,1811007.99,0.0775
STATE-VF-TEST-PKG-2025-08,STATE-PROD-DDR4-V20-2025-08,1869071.73,0.08
STATE-VF-BOND-2025-08,STATE-PROD-V-NAND-V01-2025-08,158986.91,0.1423
STATE-VF-BOND-2025-08,STATE-PROD-DDR4-V02-2025-08,34834.21,0.0312
STATE-VF-BOND-2025-08,STATE-PROD-DDR4-V04-2025-08,110928.6,0.0993
STATE-VF-BOND-2025-08,STATE-PROD-V-NAND-V05-2025-08,136979.83,0.1226
STATE-VF-BOND-2025-08,STATE-PROD-DDR4-V06-2025-08,148764.9,0.1331
STATE-VF-BOND-2025-08,STATE-PROD-V-NAND-V07-2025-08,113583.34,0.1016
STATE-VF-BOND-2025-08,STATE-PROD-DDR4-V08-2025-08,176925.04,0.1583
STATE-VF-BOND-2025-08,STATE-PROD-DDR4-V10-2025-08,86490.07,0.0774
STATE-VF-BOND-2025-08,STATE-PROD-V-NAND-V15-2025-08,66914.43,0.0599
STATE-VF-BOND-2025-08,STATE-PROD-DDR4-V16-2025-08,83190.25,0.0744
STATE-VF-MARK-2025-08,STATE-PROD-V-NAND-V09-2025-08,882372.51,0.2024
STATE-VF-MARK-2025-08,STATE-PROD-V-NAND-V11-2025-08,663709.12,0.1523
STATE-VF-MARK-2025-08,STATE-PROD-V-NAND-V13-2025-08,752356.44,0.1726
STATE-VF-MARK-2025-08,STATE-PROD-DDR4-V14-2025-08,424783.49,0.0975
STATE-VF-MARK-2025-08,STATE-PROD-V-NAND-V15-2025-08,325281.39,0.0746
STATE-VF-MARK-2025-08,STATE-PROD-V-NAND-V17-2025-08,567945.89,0.1303
STATE-VF-MARK-2025-08,STATE-PROD-DDR4-V18-2025-08,742104.71,0.1703
STATE-VF-PHOTO-2025-09,STATE-PROD-HBM3E-2025-09,345501.81,0.0784
STATE-VF-PHOTO-2025-09,STATE-PROD-DDR5-2025-09,1323286.93,0.3004
STATE-VF-PHOTO-2025-09,STATE-PROD-NAND-238L-2025-09,1063103.47,0.2413
STATE-VF-PHOTO-2025-09,STATE-PROD-V-NAND-V01-2025-09,443709.98,0.1007
STATE-VF-PHOTO-2025-09,STATE-PROD-DDR4-V02-2025-09,98617.37,0.0224
STATE-VF-PHOTO-2025-09,STATE-PROD-V-NAND-V07-2025-09,304172.53,0.0691
STATE-VF-PHOTO-2025-09,STATE-PROD-V-NAND-V11-2025-09,375168.86,0.0852
STATE-VF-PHOTO-2025-09,STATE-PROD-V-NAND-V13-2025-09,451280.19,0.1025
STATE-VF-ETCH-2025-09,STATE-PROD-HBM3E-2025-09,710150.66,0.0633
STATE-VF-ETCH-2025-09,STATE-PROD-DDR5-2025-09,2719907.87,0.2424
STATE-VF-ETCH-2025-09,STATE-PROD-NAND-238L-2025-09,2185122.08,0.1947
STATE-VF-ETCH-2025-09,STATE-PROD-V-NAND-V01-2025-09,912009.51,0.0813
STATE-VF-ETCH-2025-09,STATE-PROD-DDR4-V06-2025-09,847667.0,0.0755
STATE-VF-ETCH-2025-09,STATE-PROD-V-NAND-V07-2025-09,625201.73,0.0557
STATE-VF-ETCH-2025-09,STATE-PROD-V-NAND-V09-2025-09,980417.23,0.0874
STATE-VF-ETCH-2025-09,STATE-PROD-V-NAND-V13-2025-09,927569.47,0.0827
STATE-VF-ETCH-2025-09,STATE-PROD-DDR4-V16-2025-09,459088.71,0.0409
STATE-VF-ETCH-2025-09,STATE-PROD-DDR4-V20-2025-09,855096.53,0.0762
STATE-VF-DEPO-2025-09,STATE-PROD-DDR5-2025-09,1759342.66,0.2091
STATE-VF-DEPO-2025-09,STATE-PROD-NAND-238L-2025-09,1413422.32,0.168
STATE-VF-DEPO-2025-09,STATE-PROD-V-NAND-V03-2025-09,580039.94,0.0689
STATE-VF-DEPO-2025-09,STATE-PROD-V-NAND-V05-2025-09,525091.65,0.0624
STATE-VF-DEPO-2025-09,STATE-PROD-DDR4-V08-2025-09,641788.76,0.0763
STATE-VF-DEPO-2025-09,STATE-PROD-DDR4-V10-2025-09,307746.69,0.0366
STATE-VF-DEPO-2025-09,STATE-PROD-V-NAND-V11-2025-09,498796.27,0.0593
STATE-VF-DEPO-2025-09,STATE-PROD-DDR4-V14-2025-09,341205.3,0.0405
STATE-VF-DEPO-2025-09,STATE-PROD-V-NAND-V15-2025-09,247176.63,0.0294
STATE-VF-DEPO-2025-09,STATE-PROD-V-NAND-V17-2025-09,436684.75,0.0519
STATE-VF-DEPO-2025-09,STATE-PROD-DDR4-V18-2025-09,529171.97,0.0629
STATE-VF-DEPO-2025-09,STATE-PROD-V-NAND-V19-2025-09,581490.72,0.0691
STATE-VF-DEPO-2025-09,STATE-PROD-DDR4-V20-2025-09,553109.84,0.0657
STATE-VF-CMP-2025-09,STATE-PROD-V-NAND-V01-2025-09,1030715.34,0.2135
STATE-VF-CMP-2025-09,STATE-PROD-DDR4-V02-2025-09,229083.06,0.0474
STATE-VF-CMP-2025-09,STATE-PROD-V-NAND-V07-2025-09,706577.07,0.1463
STATE-VF-CMP-2025-09,STATE-PROD-DDR4-V12-2025-09,486841.1,0.1008
STATE-VF-CMP-2025-09,STATE-PROD-DDR4-V14-2025-09,596154.6,0.1235
STATE-VF-CMP-2025-09,STATE-PROD-V-NAND-V17-2025-09,762976.49,0.158
STATE-VF-CMP-2025-09,STATE-PROD-V-NAND-V19-2025-09,1015981.78,0.2104
STATE-VF-DIFF-2025-09,STATE-PROD-DDR4-V04-2025-09,580593.12,0.1122
STATE-VF-DIFF-2025-09,STATE-PROD-DDR4-V08-2025-09,939944.67,0.1816
STATE-VF-DIFF-2025-09,STATE-PROD-V-NAND-V09-2025-09,928789.63,0.1795
STATE-VF-DIFF-2025-09,STATE-PROD-DDR4-V10-2025-09,450716.62,0.0871
STATE-VF-DIFF-2025-09,STATE-PROD-V-NAND-V11-2025-09,730522.13,0.1411
STATE-VF-DIFF-2025-09,STATE-PROD-DDR4-V12-2025-09,408088.44,0.0788
STATE-VF-DIFF-2025-09,STATE-PROD-V-NAND-V15-2025-09,362007.51,0.0699
STATE-VF-DIFF-2025-09,STATE-PROD-DDR4-V18-2025-09,775009.48,0.1497
STATE-VF-IMP-2025-09,STATE-PROD-V-NAND-V03-2025-09,1551649.89,0.1451
STATE-VF-IMP-2025-09,STATE-PROD-V-NAND-V05-2025-09,1404659.13,0.1313
STATE-VF-IMP-2025-09,STATE-PROD-DDR4-V06-2025-09,1466754.24,0.1371
STATE-VF-IMP-2025-09,STATE-PROD-V-NAND-V07-2025-09,1081813.11,0.1011
STATE-VF-IMP-2025-09,STATE-PROD-V-NAND-V09-2025-09,1696457.6,0.1586
STATE-VF-IMP-2025-09,STATE-PROD-V-NAND-V11-2025-09,1334317.03,0.1247
STATE-VF-IMP-2025-09,STATE-PROD-DDR4-V12-2025-09,745383.79,0.0697
STATE-VF-IMP-2025-09,STATE-PROD-DDR4-V18-2025-09,1415574.29,0.1323
STATE-VF-TSV-2025-09,STATE-PROD-HBM3E-2025-09,374036.15,0.1469
STATE-VF-TSV-2025-09,STATE-PROD-DDR4-V06-2025-09,446465.97,0.1753
STATE-VF-TSV-2025-09,STATE-PROD-DDR4-V08-2025-09,522587.42,0.2052
STATE-VF-TSV-2025-09,STATE-PROD-V-NAND-V13-2025-09,488550.57,0.1918
STATE-VF-TSV-2025-09,STATE-PROD-DDR4-V16-2025-09,241801.89,0.0949
STATE-VF-TSV-2025-09,STATE-PROD-V-NAND-V19-2025-09,473488.71,0.1859
STATE-VF-MR-MUF-2025-09,STATE-PROD-HBM3E-2025-09,442043.83,0.1278
STATE-VF-MR-MUF-2025-09,STATE-PROD-DDR4-V04-2025-09,381487.49,0.1103
STATE-VF-MR-MUF-2025-09,STATE-PROD-V-NAND-V05-2025-09,505305.14,0.1461
STATE-VF-MR-MUF-2025-09,STATE-PROD-DDR4-V06-2025-09,527642.92,0.1525
STATE-VF-MR-MUF-2025-09,STATE-PROD-DDR4-V10-2025-09,296150.17,0.0856
STATE-VF-MR-MUF-2025-09,STATE-PROD-V-NAND-V15-2025-09,237862.51,0.0688
STATE-VF-MR-MUF-2025-09,STATE-PROD-DDR4-V18-2025-09,509231.7,0.1472
STATE-VF-MR-MUF-2025-09,STATE-PROD-V-NAND-V19-2025-09,559578.97,0.1618
STATE-VF-TEST-PKG-2025-09,STATE-PROD-HBM3E-2025-09,1470754.49,0.0639
STATE-VF-TEST-PKG-2025-09,STATE-PROD-DDR5-2025-09,5633053.55,0.2449
STATE-VF-TEST-PKG-2025-09,STATE-PROD-NAND-238L-2025-09,4525487.75,0.1968
STATE-VF-TEST-PKG-2025-09,STATE-PROD-V-NAND-V01-2025-09,1888813.4,0.0821
STATE-VF-TEST-PKG-2025-09,STATE-PROD-V-NAND-V03-2025-09,1857168.66,0.0807
STATE-VF-TEST-PKG-2025-09,STATE-PROD-DDR4-V08-2025-09,2054875.69,0.0893
STATE-VF-TEST-PKG-2025-09,STATE-PROD-DDR4-V10-2025-09,985341.64,0.0428
STATE-VF-TEST-PKG-2025-09,STATE-PROD-DDR4-V12-2025-09,892149.34,0.0388
STATE-VF-TEST-PKG-2025-09,STATE-PROD-V-NAND-V13-2025-09,1921038.77,0.0835
STATE-VF-TEST-PKG-2025-09,STATE-PROD-DDR4-V20-2025-09,1770944.01,0.077
STATE-VF-BOND-2025-09,STATE-PROD-V-NAND-V01-2025-09,161418.36,0.1443
STATE-VF-BOND-2025-09,STATE-PROD-DDR4-V02-2025-09,35876.26,0.0321
STATE-VF-BOND-2025-09,STATE-PROD-DDR4-V04-2025-09,108472.34,0.097
STATE-VF-BOND-2025-09,STATE-PROD-V-NAND-V05-2025-09,143678.71,0.1284
STATE-VF-BOND-2025-09,STATE-PROD-DDR4-V06-2025-09,150030.25,0.1341
STATE-VF-BOND-2025-09,STATE-PROD-V-NAND-V07-2025-09,110655.68,0.0989
STATE-VF-BOND-2025-09,STATE-PROD-DDR4-V08-2025-09,175610.07,0.157
STATE-VF-BOND-2025-09,STATE-PROD-DDR4-V10-2025-09,84207.49,0.0753
STATE-VF-BOND-2025-09,STATE-PROD-V-NAND-V15-2025-09,67633.94,0.0605
STATE-VF-BOND-2025-09,STATE-PROD-DDR4-V16-2025-09,81255.01,0.0726
STATE-VF-MARK-2025-09,STATE-PROD-V-NAND-V09-2025-09,843536.54,0.1929
STATE-VF-MARK-2025-09,STATE-PROD-V-NAND-V11-2025-09,663467.9,0.1517
STATE-VF-MARK-2025-09,STATE-PROD-V-NAND-V13-2025-09,798067.1,0.1825
STATE-VF-MARK-2025-09,STATE-PROD-DDR4-V14-2025-09,453850.16,0.1038
STATE-VF-MARK-2025-09,STATE-PROD-V-NAND-V15-2025-09,328779.04,0.0752
STATE-VF-MARK-2025-09,STATE-PROD-V-NAND-V17-2025-09,580851.01,0.1328
STATE-VF-MARK-2025-09,STATE-PROD-DDR4-V18-2025-09,703871.78,0.161
STATE-VF-PHOTO-2025-10,STATE-PROD-HBM3E-2025-10,330634.18,0.0754
STATE-VF-PHOTO-2025-10,STATE-PROD-DDR5-2025-10,1356636.79,0.3095
STATE-VF-PHOTO-2025-10,STATE-PROD-NAND-238L-2025-10,1068218.48,0.2437
STATE-VF-PHOTO-2025-10,STATE-PROD-V-NAND-V01-2025-10,423522.74,0.0966
STATE-VF-PHOTO-2025-10,STATE-PROD-DDR4-V02-2025-10,95343.77,0.0218
STATE-VF-PHOTO-2025-10,STATE-PROD-V-NAND-V07-2025-10,300148.73,0.0685
STATE-VF-PHOTO-2025-10,STATE-PROD-V-NAND-V11-2025-10,375714.46,0.0857
STATE-VF-PHOTO-2025-10,STATE-PROD-V-NAND-V13-2025-10,433207.16,0.0988
STATE-VF-ETCH-2025-10,STATE-PROD-HBM3E-2025-10,679591.47,0.06
STATE-VF-ETCH-2025-10,STATE-PROD-DDR5-2025-10,2788455.77,0.2463
STATE-VF-ETCH-2025-10,STATE-PROD-NAND-238L-2025-10,2195635.57,0.194
STATE-VF-ETCH-2025-10,STATE-PROD-V-NAND-V01-2025-10,870516.3,0.0769
STATE-VF-ETCH-2025-10,STATE-PROD-DDR4-V06-2025-10,850750.96,0.0752
STATE-VF-ETCH-2025-10,STATE-PROD-V-NAND-V07-2025-10,616931.12,0.0545
STATE-VF-ETCH-2025-10,STATE-PROD-V-NAND-V09-2025-10,1034106.08,0.0914
STATE-VF-ETCH-2025-10,STATE-PROD-V-NAND-V13-2025-10,890421.83,0.0787
STATE-VF-ETCH-2025-10,STATE-PROD-DDR4-V16-2025-10,475209.38,0.042
STATE-VF-ETCH-2025-10,STATE-PROD-DDR4-V20-2025-10,917616.7,0.0811
STATE-VF-DEPO-2025-10,STATE-PROD-DDR5-2025-10,1803682.12,0.214
STATE-VF-DEPO-2025-10,STATE-PROD-NAND-238L-2025-10,1420222.85,0.1685
STATE-VF-DEPO-2025-10,STATE-PROD-V-NAND-V03-2025-10,576594.34,0.0684
STATE-VF-DEPO-2025-10,STATE-PROD-V-NAND-V05-2025-10,508498.36,0.0603
STATE-VF-DEPO-2025-10,STATE-PROD-DDR4-V08-2025-10,603071.07,0.0715
STATE-VF-DEPO-2025-10,STATE-PROD-DDR4-V10-2025-10,310104.2,0.0368
STATE-VF-DEPO-2025-10,STATE-PROD-V-NAND-V11-2025-10,499521.66,0.0593
STATE-VF-DEPO-2025-10,STATE-PROD-DDR4-V14-2025-10,322163.81,0.0382
STATE-VF-DEPO-2025-10,STATE-PROD-V-NAND-V15-2025-10,228316.49,0.0271
STATE-VF-DEPO-2025-10,STATE-PROD-V-NAND-V17-2025-10,439042.27,0.0521
STATE-VF-DEPO-2025-10,STATE-PROD-DDR4-V18-2025-10,545493.24,0.0647
STATE-VF-DEPO-2025-10,STATE-PROD-V-NAND-V19-2025-10,579949.27,0.0688
STATE-VF-DEPO-2025-10,STATE-PROD-DDR4-V20-2025-10,593550.33,0.0704
STATE-VF-CMP-2025-10,STATE-PROD-V-NAND-V01-2025-10,983821.43,0.2067
STATE-VF-CMP-2025-10,STATE-PROD-DDR4-V02-2025-10,221478.64,0.0465
STATE-VF-CMP-2025-10,STATE-PROD-V-NAND-V07-2025-10,697229.97,0.1465
STATE-VF-CMP-2025-10,STATE-PROD-DDR4-V12-2025-10,513614.99,0.1079
STATE-VF-CMP-2025-10,STATE-PROD-DDR4-V14-2025-10,562885.27,0.1183
STATE-VF-CMP-2025-10,STATE-PROD-V-NAND-V17-2025-10,767095.55,0.1612
STATE-VF-CMP-2025-10,STATE-PROD-V-NAND-V19-2025-10,1013288.55,0.2129
STATE-VF-DIFF-2025-10,STATE-PROD-DDR4-V04-2025-10,578866.74,0.1115
STATE-VF-DIFF-2025-10,STATE-PROD-DDR4-V08-2025-10,883239.9,0.1701
STATE-VF-DIFF-2025-10,STATE-PROD-V-NAND-V09-2025-10,979651.29,0.1887
STATE-VF-DIFF-2025-10,STATE-PROD-DDR4-V10-2025-10,454169.36,0.0875
STATE-VF-DIFF-2025-10,STATE-PROD-V-NAND-V11-2025-10,731584.51,0.1409
STATE-VF-DIFF-2025-10,STATE-PROD-DDR4-V12-2025-10,430531.31,0.0829
STATE-VF-DIFF-2025-10,STATE-PROD-V-NAND-V15-2025-10,334385.51,0.0644
STATE-VF-DIFF-2025-10,STATE-PROD-DDR4-V18-2025-10,798913.13,0.1539
STATE-VF-IMP-2025-10,STATE-PROD-V-NAND-V03-2025-10,1542432.64,0.1426
STATE-VF-IMP-2025-10,STATE-PROD-V-NAND-V05-2025-10,1360270.84,0.1258
STATE-VF-IMP-2025-10,STATE-PROD-DDR4-V06-2025-10,1472090.54,0.1361
STATE-VF-IMP-2025-10,STATE-PROD-V-NAND-V07-2025-10,1067502.13,0.0987
STATE-VF-IMP-2025-10,STATE-PROD-V-NAND-V09-2025-10,1789357.7,0.1655
STATE-VF-IMP-2025-10,STATE-PROD-V-NAND-V11-2025-10,1336257.5,0.1236
STATE-VF-IMP-2025-10,STATE-PROD-DDR4-V12-2025-10,786376.26,0.0727
STATE-VF-IMP-2025-10,STATE-PROD-DDR4-V18-2025-10,1459234.91,0.1349
STATE-VF-TSV-2025-10,STATE-PROD-HBM3E-2025-10,357940.63,0.1438
STATE-VF-TSV-2025-10,STATE-PROD-DDR4-V06-2025-10,448090.28,0.1801
STATE-VF-TSV-2025-10,STATE-PROD-DDR4-V08-2025-10,491060.88,0.1973
STATE-VF-TSV-2025-10,STATE-PROD-V-NAND-V13-2025-10,468984.92,0.1885
STATE-VF-TSV-2025-10,STATE-PROD-DDR4-V16-2025-10,250292.64,0.1006
STATE-VF-TSV-2025-10,STATE-PROD-V-NAND-V19-2025-10,472233.56,0.1898
STATE-VF-MR-MUF-2025-10,STATE-PROD-HBM3E-2025-10,423021.81,0.1236
STATE-VF-MR-MUF-2025-10,STATE-PROD-DDR4-V04-2025-10,380353.15,0.1111
STATE-VF-MR-MUF-2025-10,STATE-PROD-V-NAND-V05-2025-10,489337.11,0.1429
STATE-VF-MR-MUF-2025-10,STATE-PROD-DDR4-V06-2025-10,529562.57,0.1547
STATE-VF-MR-MUF-2025-10,STATE-PROD-DDR4-V10-2025-10,298418.85,0.0872
STATE-VF-MR-MUF-2025-10,STATE-PROD-V-NAND-V15-2025-10,219713.06,0.0642
STATE-VF-MR-MUF-2025-10,STATE-PROD-DDR4-V18-2025-10,524937.96,0.1533
STATE-VF-MR-MUF-2025-10,STATE-PROD-V-NAND-V19-2025-10,558095.61,0.163
STATE-VF-TEST-PKG-2025-10,STATE-PROD-HBM3E-2025-10,1407465.01,0.0612
STATE-VF-TEST-PKG-2025-10,STATE-PROD-DDR5-2025-10,5775019.39,0.2512
STATE-VF-TEST-PKG-2025-10,STATE-PROD-NAND-238L-2025-10,4547261.65,0.1978
STATE-VF-TEST-PKG-2025-10,STATE-PROD-V-NAND-V01-2025-10,1802879.07,0.0784
STATE-VF-TEST-PKG-2025-10,STATE-PROD-V-NAND-V03-2025-10,1846136.55,0.0803
STATE-VF-TEST-PKG-2025-10,STATE-PROD-DDR4-V08-2025-10,1930909.61,0.084
STATE-VF-TEST-PKG-2025-10,STATE-PROD-DDR4-V10-2025-10,992889.92,0.0432
STATE-VF-TEST-PKG-2025-10,STATE-PROD-DDR4-V12-2025-10,941213.19,0.0409
STATE-VF-TEST-PKG-2025-10,STATE-PROD-V-NAND-V13-2025-10,1844104.32,0.0802
STATE-VF-TEST-PKG-2025-10,STATE-PROD-DDR4-V20-2025-10,1900426.15,0.0827
STATE-VF-BOND-2025-10,STATE-PROD-V-NAND-V01-2025-10,154074.39,0.1411
STATE-VF-BOND-2025-10,STATE-PROD-DDR4-V02-2025-10,34685.35,0.0318
STATE-VF-BOND-2025-10,STATE-PROD-DDR4-V04-2025-10,108149.8,0.099
STATE-VF-BOND-2025-10,STATE-PROD-V-NAND-V05-2025-10,139138.36,0.1274
STATE-VF-BOND-2025-10,STATE-PROD-DDR4-V06-2025-10,150576.09,0.1379
STATE-VF-BOND-2025-10,STATE-PROD-V-NAND-V07-2025-10,109191.85,0.1
STATE-VF-BOND-2025-10,STATE-PROD-DDR4-V08-2025-10,165015.91,0.1511
STATE-VF-BOND-2025-10,STATE-PROD-DDR4-V10-2025-10,84852.56,0.0777
STATE-VF-BOND-2025-10,STATE-PROD-V-NAND-V15-2025-10,62473.32,0.0572
STATE-VF-BOND-2025-10,STATE-PROD-DDR4-V16-2025-10,84108.24,0.077
STATE-VF-MARK-2025-10,STATE-PROD-V-NAND-V09-2025-10,889729.63,0.204
STATE-VF-MARK-2025-10,STATE-PROD-V-NAND-V11-2025-10,664432.77,0.1523
STATE-VF-MARK-2025-10,STATE-PROD-V-NAND-V13-2025-10,766105.82,0.1756
STATE-VF-MARK-2025-10,STATE-PROD-DDR4-V14-2025-10,428522.35,0.0982
STATE-VF-MARK-2025-10,STATE-PROD-V-NAND-V15-2025-10,303692.45,0.0696
STATE-VF-MARK-2025-10,STATE-PROD-V-NAND-V17-2025-10,583986.84,0.1339
STATE-VF-MARK-2025-10,STATE-PROD-DDR4-V18-2025-10,725581.33,0.1663
STATE-VF-PHOTO-2025-11,STATE-PROD-HBM3E-2025-11,470171.63,0.1025
STATE-VF-PHOTO-2025-11,STATE-PROD-DDR5-2025-11,1419039.9,0.3094
STATE-VF-PHOTO-2025-11,STATE-PROD-NAND-238L-2025-11,1056488.06,0.2303
STATE-VF-PHOTO-2025-11,STATE-PROD-V-NAND-V01-2025-11,409609.92,0.0893
STATE-VF-PHOTO-2025-11,STATE-PROD-DDR4-V02-2025-11,101208.98,0.0221
STATE-VF-PHOTO-2025-11,STATE-PROD-V-NAND-V07-2025-11,310446.95,0.0677
STATE-VF-PHOTO-2025-11,STATE-PROD-V-NAND-V11-2025-11,391673.29,0.0854
STATE-VF-PHOTO-2025-11,STATE-PROD-V-NAND-V13-2025-11,427955.75,0.0933
STATE-VF-ETCH-2025-11,STATE-PROD-HBM3E-2025-11,966399.26,0.0836
STATE-VF-ETCH-2025-11,STATE-PROD-DDR5-2025-11,2916720.25,0.2525
STATE-VF-ETCH-2025-11,STATE-PROD-NAND-238L-2025-11,2171524.65,0.188
STATE-VF-ETCH-2025-11,STATE-PROD-V-NAND-V01-2025-11,841919.63,0.0729
STATE-VF-ETCH-2025-11,STATE-PROD-DDR4-V06-2025-11,777997.66,0.0673
STATE-VF-ETCH-2025-11,STATE-PROD-V-NAND-V07-2025-11,638098.26,0.0552
STATE-VF-ETCH-2025-11,STATE-PROD-V-NAND-V09-2025-11,1016583.61,0.088
STATE-VF-ETCH-2025-11,STATE-PROD-V-NAND-V13-2025-11,879627.99,0.0761
STATE-VF-ETCH-2025-11,STATE-PROD-DDR4-V16-2025-11,448014.51,0.0388
STATE-VF-ETCH-2025-11,STATE-PROD-DDR4-V20-2025-11,896309.38,0.0776
STATE-VF-DEPO-2025-11,STATE-PROD-DDR5-2025-11,1886648.59,0.221
STATE-VF-DEPO-2025-11,STATE-PROD-NAND-238L-2025-11,1404626.97,0.1645
STATE-VF-DEPO-2025-11,STATE-PROD-V-NAND-V03-2025-11,570791.22,0.0669
STATE-VF-DEPO-2025-11,STATE-PROD-V-NAND-V05-2025-11,519560.55,0.0609
STATE-VF-DEPO-2025-11,STATE-PROD-DDR4-V08-2025-11,649586.7,0.0761
STATE-VF-DEPO-2025-11,STATE-PROD-DDR4-V10-2025-11,296049.77,0.0347
STATE-VF-DEPO-2025-11,STATE-PROD-V-NAND-V11-2025-11,520739.31,0.061
STATE-VF-DEPO-2025-11,STATE-PROD-DDR4-V14-2025-11,320168.99,0.0375
STATE-VF-DEPO-2025-11,STATE-PROD-V-NAND-V15-2025-11,234572.98,0.0275
STATE-VF-DEPO-2025-11,STATE-PROD-V-NAND-V17-2025-11,441399.79,0.0517
STATE-VF-DEPO-2025-11,STATE-PROD-DDR4-V18-2025-11,549754.91,0.0644
STATE-VF-DEPO-2025-11,STATE-PROD-V-NAND-V19-2025-11,564262.71,0.0661
STATE-VF-DEPO-2025-11,STATE-PROD-DDR4-V20-2025-11,579767.92,0.0679
STATE-VF-CMP-2025-11,STATE-PROD-V-NAND-V01-2025-11,951502.66,0.201
STATE-VF-CMP-2025-11,STATE-PROD-DDR4-V02-2025-11,235103.22,0.0497
STATE-VF-CMP-2025-11,STATE-PROD-V-NAND-V07-2025-11,721152.2,0.1523
STATE-VF-CMP-2025-11,STATE-PROD-DDR4-V12-2025-11,509654.36,0.1077
STATE-VF-CMP-2025-11,STATE-PROD-DDR4-V14-2025-11,559399.92,0.1182
STATE-VF-CMP-2025-11,STATE-PROD-V-NAND-V17-2025-11,771214.61,0.1629
STATE-VF-CMP-2025-11,STATE-PROD-V-NAND-V19-2025-11,985880.96,0.2083
STATE-VF-DIFF-2025-11,STATE-PROD-DDR4-V04-2025-11,580991.51,0.1103
STATE-VF-DIFF-2025-11,STATE-PROD-DDR4-V08-2025-11,951365.3,0.1806
STATE-VF-DIFF-2025-11,STATE-PROD-V-NAND-V09-2025-11,963051.53,0.1828
STATE-VF-DIFF-2025-11,STATE-PROD-DDR4-V10-2025-11,433585.67,0.0823
STATE-VF-DIFF-2025-11,STATE-PROD-V-NAND-V11-2025-11,762659.26,0.1448
STATE-VF-DIFF-2025-11,STATE-PROD-DDR4-V12-2025-11,427211.36,0.0811
STATE-VF-DIFF-2025-11,STATE-PROD-V-NAND-V15-2025-11,343548.58,0.0652
STATE-VF-DIFF-2025-11,STATE-PROD-DDR4-V18-2025-11,805154.64,0.1529
STATE-VF-IMP-2025-11,STATE-PROD-V-NAND-V03-2025-11,1526908.87,0.1418
STATE-VF-IMP-2025-11,STATE-PROD-V-NAND-V05-2025-11,1389863.04,0.129
STATE-VF-IMP-2025-11,STATE-PROD-DDR4-V06-2025-11,1346202.42,0.125
STATE-VF-IMP-2025-11,STATE-PROD-V-NAND-V07-2025-11,1104128.54,0.1025
STATE-VF-IMP-2025-11,STATE-PROD-V-NAND-V09-2025-11,1759037.83,0.1633
STATE-VF-IMP-2025-11,STATE-PROD-V-NAND-V11-2025-11,1393016.3,0.1293
STATE-VF-IMP-2025-11,STATE-PROD-DDR4-V12-2025-11,780312.28,0.0725
STATE-VF-IMP-2025-11,STATE-PROD-DDR4-V18-2025-11,1470635.18,0.1365
STATE-VF-TSV-2025-11,STATE-PROD-HBM3E-2025-11,509002.21,0.1953
STATE-VF-TSV-2025-11,STATE-PROD-DDR4-V06-2025-11,409771.14,0.1572
STATE-VF-TSV-2025-11,STATE-PROD-DDR4-V08-2025-11,528937.02,0.2029
STATE-VF-TSV-2025-11,STATE-PROD-V-NAND-V13-2025-11,463299.81,0.1778
STATE-VF-TSV-2025-11,STATE-PROD-DDR4-V16-2025-11,235969.11,0.0905
STATE-VF-TSV-2025-11,STATE-PROD-V-NAND-V19-2025-11,459460.51,0.1763
STATE-VF-MR-MUF-2025-11,STATE-PROD-HBM3E-2025-11,601549.58,0.1694
STATE-VF-MR-MUF-2025-11,STATE-PROD-DDR4-V04-2025-11,381749.26,0.1075
STATE-VF-MR-MUF-2025-11,STATE-PROD-V-NAND-V05-2025-11,499982.46,0.1408
STATE-VF-MR-MUF-2025-11,STATE-PROD-DDR4-V06-2025-11,484276.21,0.1364
STATE-VF-MR-MUF-2025-11,STATE-PROD-DDR4-V10-2025-11,284894.02,0.0802
STATE-VF-MR-MUF-2025-11,STATE-PROD-V-NAND-V15-2025-11,225733.79,0.0636
STATE-VF-MR-MUF-2025-11,STATE-PROD-DDR4-V18-2025-11,529039.03,0.149
STATE-VF-MR-MUF-2025-11,STATE-PROD-V-NAND-V19-2025-11,543000.15,0.1529
STATE-VF-TEST-PKG-2025-11,STATE-PROD-HBM3E-2025-11,2001457.05,0.0843
STATE-VF-TEST-PKG-2025-11,STATE-PROD-DDR5-2025-11,6040660.99,0.2543
STATE-VF-TEST-PKG-2025-11,STATE-PROD-NAND-238L-2025-11,4497326.83,0.1894
STATE-VF-TEST-PKG-2025-11,STATE-PROD-V-NAND-V01-2025-11,1743654.05,0.0734
STATE-VF-TEST-PKG-2025-11,STATE-PROD-V-NAND-V03-2025-11,1827556.16,0.0769
STATE-VF-TEST-PKG-2025-11,STATE-PROD-DDR4-V08-2025-11,2079843.1,0.0876
STATE-VF-TEST-PKG-2025-11,STATE-PROD-DDR4-V10-2025-11,947890.52,0.0399
STATE-VF-TEST-PKG-2025-11,STATE-PROD-DDR4-V12-2025-11,933955.23,0.0393
STATE-VF-TEST-PKG-2025-11,STATE-PROD-V-NAND-V13-2025-11,1821749.78,0.0767
STATE-VF-TEST-PKG-2025-11,STATE-PROD-DDR4-V20-2025-11,1856297.71,0.0782
STATE-VF-BOND-2025-11,STATE-PROD-V-NAND-V01-2025-11,149013.01,0.1368
STATE-VF-BOND-2025-11,STATE-PROD-DDR4-V02-2025-11,36819.07,0.0338
STATE-VF-BOND-2025-11,STATE-PROD-DDR4-V04-2025-11,108546.77,0.0996
STATE-VF-BOND-2025-11,STATE-PROD-V-NAND-V05-2025-11,142165.26,0.1305
STATE-VF-BOND-2025-11,STATE-PROD-DDR4-V06-2025-11,137699.34,0.1264
STATE-VF-BOND-2025-11,STATE-PROD-V-NAND-V07-2025-11,112938.27,0.1037
STATE-VF-BOND-2025-11,STATE-PROD-DDR4-V08-2025-11,177743.79,0.1632
STATE-VF-BOND-2025-11,STATE-PROD-DDR4-V10-2025-11,81006.91,0.0744
STATE-VF-BOND-2025-11,STATE-PROD-V-NAND-V15-2025-11,64185.26,0.0589
STATE-VF-BOND-2025-11,STATE-PROD-DDR4-V16-2025-11,79294.97,0.0728
STATE-VF-MARK-2025-11,STATE-PROD-V-NAND-V09-2025-11,874653.56,0.1997
STATE-VF-MARK-2025-11,STATE-PROD-V-NAND-V11-2025-11,692655.18,0.1581
STATE-VF-MARK-2025-11,STATE-PROD-V-NAND-V13-2025-11,756818.96,0.1728
STATE-VF-MARK-2025-11,STATE-PROD-DDR4-V14-2025-11,425868.96,0.0972
STATE-VF-MARK-2025-11,STATE-PROD-V-NAND-V15-2025-11,312014.45,0.0712
STATE-VF-MARK-2025-11,STATE-PROD-V-NAND-V17-2025-11,587122.66,0.134
STATE-VF-MARK-2025-11,STATE-PROD-DDR4-V18-2025-11,731249.94,0.1669
STATE-VF-PHOTO-2025-12,STATE-PROD-HBM3E-2025-12,465670.42,0.1044
STATE-VF-PHOTO-2025-12,STATE-PROD-DDR5-2025-12,1323764.33,0.2967
STATE-VF-PHOTO-2025-12,STATE-PROD-NAND-238L-2025-12,1014885.98,0.2274
STATE-VF-PHOTO-2025-12,STATE-PROD-V-NAND-V01-2025-12,438663.17,0.0983
STATE-VF-PHOTO-2025-12,STATE-PROD-DDR4-V02-2025-12,97321.57,0.0218
STATE-VF-PHOTO-2025-12,STATE-PROD-V-NAND-V07-2025-12,313856.95,0.0703
STATE-VF-PHOTO-2025-12,STATE-PROD-V-NAND-V11-2025-12,368621.65,0.0826
STATE-VF-PHOTO-2025-12,STATE-PROD-V-NAND-V13-2025-12,439413.37,0.0985
STATE-VF-ETCH-2025-12,STATE-PROD-HBM3E-2025-12,957147.39,0.0837
STATE-VF-ETCH-2025-12,STATE-PROD-DDR5-2025-12,2720889.12,0.2379
STATE-VF-ETCH-2025-12,STATE-PROD-NAND-238L-2025-12,2086014.99,0.1824
STATE-VF-ETCH-2025-12,STATE-PROD-V-NAND-V01-2025-12,901636.21,0.0788
STATE-VF-ETCH-2025-12,STATE-PROD-DDR4-V06-2025-12,797763.01,0.0697
STATE-VF-ETCH-2025-12,STATE-PROD-V-NAND-V07-2025-12,645107.25,0.0564
STATE-VF-ETCH-2025-12,STATE-PROD-V-NAND-V09-2025-12,1035367.7,0.0905
STATE-VF-ETCH-2025-12,STATE-PROD-V-NAND-V13-2025-12,903178.19,0.079
STATE-VF-ETCH-2025-12,STATE-PROD-DDR4-V16-2025-12,477732.62,0.0418
STATE-VF-ETCH-2025-12,STATE-PROD-DDR4-V20-2025-12,913411.31,0.0799
STATE-VF-DEPO-2025-12,STATE-PROD-DDR5-2025-12,1759977.37,0.2111
STATE-VF-DEPO-2025-12,STATE-PROD-NAND-238L-2025-12,1349315.99,0.1618
STATE-VF-DEPO-2025-12,STATE-PROD-V-NAND-V03-2025-12,573964.8,0.0688
STATE-VF-DEPO-2025-12,STATE-PROD-V-NAND-V05-2025-12,481296.23,0.0577
STATE-VF-DEPO-2025-12,STATE-PROD-DDR4-V08-2025-12,634353.51,0.0761
STATE-VF-DEPO-2025-12,STATE-PROD-DDR4-V10-2025-12,304754.45,0.0366
STATE-VF-DEPO-2025-12,STATE-PROD-V-NAND-V11-2025-12,490091.59,0.0588
STATE-VF-DEPO-2025-12,STATE-PROD-DDR4-V14-2025-12,338757.11,0.0406
STATE-VF-DEPO-2025-12,STATE-PROD-V-NAND-V15-2025-12,245181.8,0.0294
STATE-VF-DEPO-2025-12,STATE-PROD-V-NAND-V17-2025-12,449288.4,0.0539
STATE-VF-DEPO-2025-12,STATE-PROD-DDR4-V18-2025-12,572060.65,0.0686
STATE-VF-DEPO-2025-12,STATE-PROD-V-NAND-V19-2025-12,548032.11,0.0657
STATE-VF-DEPO-2025-12,STATE-PROD-DDR4-V20-2025-12,590830.12,0.0709
STATE-VF-CMP-2025-12,STATE-PROD-V-NAND-V01-2025-12,1018991.86,0.2123
STATE-VF-CMP-2025-12,STATE-PROD-DDR4-V02-2025-12,226072.98,0.0471
STATE-VF-CMP-2025-12,STATE-PROD-V-NAND-V07-2025-12,729073.47,0.1519
STATE-VF-CMP-2025-12,STATE-PROD-DDR4-V12-2025-12,490326.46,0.1022
STATE-VF-CMP-2025-12,STATE-PROD-DDR4-V14-2025-12,591877.11,0.1233
STATE-VF-CMP-2025-12,STATE-PROD-V-NAND-V17-2025-12,784997.62,0.1636
STATE-VF-CMP-2025-12,STATE-PROD-V-NAND-V19-2025-12,957522.82,0.1995
STATE-VF-DIFF-2025-12,STATE-PROD-DDR4-V04-2025-12,546995.21,0.1046
STATE-VF-DIFF-2025-12,STATE-PROD-DDR4-V08-2025-12,929055.23,0.1777
STATE-VF-DIFF-2025-12,STATE-PROD-V-NAND-V09-2025-12,980846.47,0.1876
STATE-VF-DIFF-2025-12,STATE-PROD-DDR4-V10-2025-12,446334.28,0.0854
STATE-VF-DIFF-2025-12,STATE-PROD-V-NAND-V11-2025-12,717773.51,0.1373
STATE-VF-DIFF-2025-12,STATE-PROD-DDR4-V12-2025-12,411010.0,0.0786
STATE-VF-DIFF-2025-12,STATE-PROD-V-NAND-V15-2025-12,359085.95,0.0687
STATE-VF-DIFF-2025-12,STATE-PROD-DDR4-V18-2025-12,837822.96,0.1602
STATE-VF-IMP-2025-12,STATE-PROD-V-NAND-V03-2025-12,1535398.43,0.1435
STATE-VF-IMP-2025-12,STATE-PROD-V-NAND-V05-2025-12,1287503.14,0.1203
STATE-VF-IMP-2025-12,STATE-PROD-DDR4-V06-2025-12,1380403.24,0.129
STATE-VF-IMP-2025-12,STATE-PROD-V-NAND-V07-2025-12,1116256.49,0.1043
STATE-VF-IMP-2025-12,STATE-PROD-V-NAND-V09-2025-12,1791540.73,0.1674
STATE-VF-IMP-2025-12,STATE-PROD-V-NAND-V11-2025-12,1311031.36,0.1225
STATE-VF-IMP-2025-12,STATE-PROD-DDR4-V12-2025-12,750720.09,0.0701
STATE-VF-IMP-2025-12,STATE-PROD-DDR4-V18-2025-12,1530304.69,0.143
STATE-VF-TSV-2025-12,STATE-PROD-HBM3E-2025-12,504129.26,0.1928
STATE-VF-TSV-2025-12,STATE-PROD-DDR4-V06-2025-12,420181.55,0.1607
STATE-VF-TSV-2025-12,STATE-PROD-DDR4-V08-2025-12,516533.14,0.1976
STATE-VF-TSV-2025-12,STATE-PROD-V-NAND-V13-2025-12,475703.69,0.182
STATE-VF-TSV-2025-12,STATE-PROD-DDR4-V16-2025-12,251621.63,0.0962
STATE-VF-TSV-2025-12,STATE-PROD-V-NAND-V19-2025-12,446244.47,0.1707
STATE-VF-MR-MUF-2025-12,STATE-PROD-HBM3E-2025-12,595790.62,0.1692
STATE-VF-MR-MUF-2025-12,STATE-PROD-DDR4-V04-2025-12,359411.48,0.102
STATE-VF-MR-MUF-2025-12,STATE-PROD-V-NAND-V05-2025-12,463160.02,0.1315
STATE-VF-MR-MUF-2025-12,STATE-PROD-DDR4-V06-2025-12,496579.44,0.141
STATE-VF-MR-MUF-2025-12,STATE-PROD-DDR4-V10-2025-12,293270.69,0.0833
STATE-VF-MR-MUF-2025-12,STATE-PROD-V-NAND-V15-2025-12,235942.86,0.067
STATE-VF-MR-MUF-2025-12,STATE-PROD-DDR4-V18-2025-12,550504.25,0.1563
STATE-VF-MR-MUF-2025-12,STATE-PROD-V-NAND-V19-2025-12,527381.15,0.1497
STATE-VF-TEST-PKG-2025-12,STATE-PROD-HBM3E-2025-12,1982296.02,0.085
STATE-VF-TEST-PKG-2025-12,STATE-PROD-DDR5-2025-12,5635085.78,0.2417
STATE-VF-TEST-PKG-2025-12,STATE-PROD-NAND-238L-2025-12,4320232.43,0.1853
STATE-VF-TEST-PKG-2025-12,STATE-PROD-V-NAND-V01-2025-12,1867329.82,0.0801
STATE-VF-TEST-PKG-2025-12,STATE-PROD-V-NAND-V03-2025-12,1837717.31,0.0788
STATE-VF-TEST-PKG-2025-12,STATE-PROD-DDR4-V08-2025-12,2031069.56,0.0871
STATE-VF-TEST-PKG-2025-12,STATE-PROD-DDR4-V10-2025-12,975761.12,0.0419
STATE-VF-TEST-PKG-2025-12,STATE-PROD-DDR4-V12-2025-12,898536.35,0.0385
STATE-VF-TEST-PKG-2025-12,STATE-PROD-V-NAND-V13-2025-12,1870523.32,0.0802
STATE-VF-TEST-PKG-2025-12,STATE-PROD-DDR4-V20-2025-12,1891716.59,0.0812
STATE-VF-BOND-2025-12,STATE-PROD-V-NAND-V01-2025-12,159582.37,0.146
STATE-VF-BOND-2025-12,STATE-PROD-DDR4-V02-2025-12,35404.86,0.0324
STATE-VF-BOND-2025-12,STATE-PROD-DDR4-V04-2025-12,102195.24,0.0935
STATE-VF-BOND-2025-12,STATE-PROD-V-NAND-V05-2025-12,131695.15,0.1205
STATE-VF-BOND-2025-12,STATE-PROD-DDR4-V06-2025-12,141197.64,0.1292
STATE-VF-BOND-2025-12,STATE-PROD-V-NAND-V07-2025-12,114178.8,0.1045
STATE-VF-BOND-2025-12,STATE-PROD-DDR4-V08-2025-12,173575.6,0.1588
STATE-VF-BOND-2025-12,STATE-PROD-DDR4-V10-2025-12,83388.73,0.0763
STATE-VF-BOND-2025-12,STATE-PROD-V-NAND-V15-2025-12,67088.11,0.0614
STATE-VF-BOND-2025-12,STATE-PROD-DDR4-V16-2025-12,84554.84,0.0774
STATE-VF-MARK-2025-12,STATE-PROD-V-NAND-V09-2025-12,890815.11,0.2
STATE-VF-MARK-2025-12,STATE-PROD-V-NAND-V11-2025-12,651889.48,0.1463
STATE-VF-MARK-2025-12,STATE-PROD-V-NAND-V13-2025-12,777081.2,0.1744
STATE-VF-MARK-2025-12,STATE-PROD-DDR4-V14-2025-12,450593.73,0.1011
STATE-VF-MARK-2025-12,STATE-PROD-V-NAND-V15-2025-12,326125.65,0.0732
STATE-VF-MARK-2025-12,STATE-PROD-V-NAND-V17-2025-12,597615.61,0.1341
STATE-VF-MARK-2025-12,STATE-PROD-DDR4-V18-2025-12,760919.65,0.1708
STATE-VF-PHOTO-2026-01,STATE-PROD-HBM3E-2026-01,461101.01,0.1024
STATE-VF-PHOTO-2026-01,STATE-PROD-DDR5-2026-01,1347975.37,0.2995
STATE-VF-PHOTO-2026-01,STATE-PROD-NAND-238L-2026-01,1023070.0,0.2273
STATE-VF-PHOTO-2026-01,STATE-PROD-V-NAND-V01-2026-01,428228.55,0.0951
STATE-VF-PHOTO-2026-01,STATE-PROD-DDR4-V02-2026-01,101618.18,0.0226
STATE-VF-PHOTO-2026-01,STATE-PROD-V-NAND-V07-2026-01,322586.57,0.0717
STATE-VF-PHOTO-2026-01,STATE-PROD-V-NAND-V11-2026-01,363847.64,0.0808
STATE-VF-PHOTO-2026-01,STATE-PROD-V-NAND-V13-2026-01,452848.8,0.1006
STATE-VF-ETCH-2026-01,STATE-PROD-HBM3E-2026-01,947755.35,0.0821
STATE-VF-ETCH-2026-01,STATE-PROD-DDR5-2026-01,2770652.94,0.2401
STATE-VF-ETCH-2026-01,STATE-PROD-NAND-238L-2026-01,2102836.57,0.1822
STATE-VF-ETCH-2026-01,STATE-PROD-V-NAND-V01-2026-01,880188.71,0.0763
STATE-VF-ETCH-2026-01,STATE-PROD-DDR4-V06-2026-01,820191.77,0.0711
STATE-VF-ETCH-2026-01,STATE-PROD-V-NAND-V07-2026-01,663050.26,0.0575
STATE-VF-ETCH-2026-01,STATE-PROD-V-NAND-V09-2026-01,1071814.44,0.0929
STATE-VF-ETCH-2026-01,STATE-PROD-V-NAND-V13-2026-01,930793.6,0.0807
STATE-VF-ETCH-2026-01,STATE-PROD-DDR4-V16-2026-01,476471.0,0.0413
STATE-VF-ETCH-2026-01,STATE-PROD-DDR4-V20-2026-01,876544.03,0.076
STATE-VF-DEPO-2026-01,STATE-PROD-DDR5-2026-01,1792166.55,0.2163
STATE-VF-DEPO-2026-01,STATE-PROD-NAND-238L-2026-01,1360196.83,0.1641
STATE-VF-DEPO-2026-01,STATE-PROD-V-NAND-V03-2026-01,556374.09,0.0671
STATE-VF-DEPO-2026-01,STATE-PROD-V-NAND-V05-2026-01,492086.41,0.0594
STATE-VF-DEPO-2026-01,STATE-PROD-DDR4-V08-2026-01,630273.2,0.0761
STATE-VF-DEPO-2026-01,STATE-PROD-DDR4-V10-2026-01,312824.42,0.0378
STATE-VF-DEPO-2026-01,STATE-PROD-V-NAND-V11-2026-01,483744.42,0.0584
STATE-VF-DEPO-2026-01,STATE-PROD-DDR4-V14-2026-01,312189.7,0.0377
STATE-VF-DEPO-2026-01,STATE-PROD-V-NAND-V15-2026-01,237111.84,0.0286
STATE-VF-DEPO-2026-01,STATE-PROD-V-NAND-V17-2026-01,440946.42,0.0532
STATE-VF-DEPO-2026-01,STATE-PROD-DDR4-V18-2026-01,545583.92,0.0658
STATE-VF-DEPO-2026-01,STATE-PROD-V-NAND-V19-2026-01,556192.75,0.0671
STATE-VF-DEPO-2026-01,STATE-PROD-DDR4-V20-2026-01,566982.92,0.0684
STATE-VF-CMP-2026-01,STATE-PROD-V-NAND-V01-2026-01,994752.78,0.2075
STATE-VF-CMP-2026-01,STATE-PROD-DDR4-V02-2026-01,236053.77,0.0492
STATE-VF-CMP-2026-01,STATE-PROD-V-NAND-V07-2026-01,749351.91,0.1563
STATE-VF-CMP-2026-01,STATE-PROD-DDR4-V12-2026-01,525496.89,0.1096
STATE-VF-CMP-2026-01,STATE-PROD-DDR4-V14-2026-01,545458.48,0.1138
STATE-VF-CMP-2026-01,STATE-PROD-V-NAND-V17-2026-01,770422.48,0.1607
STATE-VF-CMP-2026-01,STATE-PROD-V-NAND-V19-2026-01,971781.1,0.2027
STATE-VF-DIFF-2026-01,STATE-PROD-DDR4-V04-2026-01,582983.48,0.1105
STATE-VF-DIFF-2026-01,STATE-PROD-DDR4-V08-2026-01,923079.31,0.175
STATE-VF-DIFF-2026-01,STATE-PROD-V-NAND-V09-2026-01,1015373.97,0.1925
STATE-VF-DIFF-2026-01,STATE-PROD-DDR4-V10-2026-01,458153.31,0.0869
STATE-VF-DIFF-2026-01,STATE-PROD-V-NAND-V11-2026-01,708477.65,0.1343
STATE-VF-DIFF-2026-01,STATE-PROD-DDR4-V12-2026-01,440491.16,0.0835
STATE-VF-DIFF-2026-01,STATE-PROD-V-NAND-V15-2026-01,347266.93,0.0658
STATE-VF-DIFF-2026-01,STATE-PROD-DDR4-V18-2026-01,799045.93,0.1515
STATE-VF-IMP-2026-01,STATE-PROD-V-NAND-V03-2026-01,1488341.99,0.138
STATE-VF-IMP-2026-01,STATE-PROD-V-NAND-V05-2026-01,1316367.66,0.1221
STATE-VF-IMP-2026-01,STATE-PROD-DDR4-V06-2026-01,1419212.67,0.1316
STATE-VF-IMP-2026-01,STATE-PROD-V-NAND-V07-2026-01,1147304.04,0.1064
STATE-VF-IMP-2026-01,STATE-PROD-V-NAND-V09-2026-01,1854606.07,0.172
STATE-VF-IMP-2026-01,STATE-PROD-V-NAND-V11-2026-01,1294052.23,0.12
STATE-VF-IMP-2026-01,STATE-PROD-DDR4-V12-2026-01,804568.18,0.0746
STATE-VF-IMP-2026-01,STATE-PROD-DDR4-V18-2026-01,1459477.47,0.1353
STATE-VF-TSV-2026-01,STATE-PROD-HBM3E-2026-01,499182.47,0.1892
STATE-VF-TSV-2026-01,STATE-PROD-DDR4-V06-2026-01,431994.77,0.1637
STATE-VF-TSV-2026-01,STATE-PROD-DDR4-V08-2026-01,513210.67,0.1945
STATE-VF-TSV-2026-01,STATE-PROD-V-NAND-V13-2026-01,490248.72,0.1858
STATE-VF-TSV-2026-01,STATE-PROD-DDR4-V16-2026-01,250957.14,0.0951
STATE-VF-TSV-2026-01,STATE-PROD-V-NAND-V19-2026-01,452889.41,0.1716
STATE-VF-MR-MUF-2026-01,STATE-PROD-HBM3E-2026-01,589944.4,0.1663
STATE-VF-MR-MUF-2026-01,STATE-PROD-DDR4-V04-2026-01,383058.12,0.108
STATE-VF-MR-MUF-2026-01,STATE-PROD-V-NAND-V05-2026-01,473543.6,0.1335
STATE-VF-MR-MUF-2026-01,STATE-PROD-DDR4-V06-2026-01,510540.55,0.144
STATE-VF-MR-MUF-2026-01,STATE-PROD-DDR4-V10-2026-01,301036.56,0.0849
STATE-VF-MR-MUF-2026-01,STATE-PROD-V-NAND-V15-2026-01,228176.99,0.0643
STATE-VF-MR-MUF-2026-01,STATE-PROD-DDR4-V18-2026-01,525025.21,0.148
STATE-VF-MR-MUF-2026-01,STATE-PROD-V-NAND-V19-2026-01,535234.28,0.1509
STATE-VF-TEST-PKG-2026-01,STATE-PROD-HBM3E-2026-01,1962844.67,0.0839
STATE-VF-TEST-PKG-2026-01,STATE-PROD-DDR5-2026-01,5738148.92,0.2454
STATE-VF-TEST-PKG-2026-01,STATE-PROD-NAND-238L-2026-01,4355070.68,0.1862
STATE-VF-TEST-PKG-2026-01,STATE-PROD-V-NAND-V01-2026-01,1822911.06,0.0779
STATE-VF-TEST-PKG-2026-01,STATE-PROD-V-NAND-V03-2026-01,1781395.48,0.0762
STATE-VF-TEST-PKG-2026-01,STATE-PROD-DDR4-V08-2026-01,2018005.22,0.0863
STATE-VF-TEST-PKG-2026-01,STATE-PROD-DDR4-V10-2026-01,1001599.48,0.0428
STATE-VF-TEST-PKG-2026-01,STATE-PROD-DDR4-V12-2026-01,962987.1,0.0412
STATE-VF-TEST-PKG-2026-01,STATE-PROD-V-NAND-V13-2026-01,1927716.1,0.0824
STATE-VF-TEST-PKG-2026-01,STATE-PROD-DDR4-V20-2026-01,1815362.77,0.0776
STATE-VF-BOND-2026-01,STATE-PROD-V-NAND-V01-2026-01,155786.33,0.1408
STATE-VF-BOND-2026-01,STATE-PROD-DDR4-V02-2026-01,36967.93,0.0334
STATE-VF-BOND-2026-01,STATE-PROD-DDR4-V04-2026-01,108918.93,0.0985
STATE-VF-BOND-2026-01,STATE-PROD-V-NAND-V05-2026-01,134647.62,0.1217
STATE-VF-BOND-2026-01,STATE-PROD-DDR4-V06-2026-01,145167.35,0.1312
STATE-VF-BOND-2026-01,STATE-PROD-V-NAND-V07-2026-01,117354.57,0.1061
STATE-VF-BOND-2026-01,STATE-PROD-DDR4-V08-2026-01,172459.12,0.1559
STATE-VF-BOND-2026-01,STATE-PROD-DDR4-V10-2026-01,85596.88,0.0774
STATE-VF-BOND-2026-01,STATE-PROD-V-NAND-V15-2026-01,64879.96,0.0587
STATE-VF-BOND-2026-01,STATE-PROD-DDR4-V16-2026-01,84331.54,0.0762
STATE-VF-MARK-2026-01,STATE-PROD-V-NAND-V09-2026-01,922173.35,0.2091
STATE-VF-MARK-2026-01,STATE-PROD-V-NAND-V11-2026-01,643446.88,0.1459
STATE-VF-MARK-2026-01,STATE-PROD-V-NAND-V13-2026-01,800841.1,0.1816
STATE-VF-MARK-2026-01,STATE-PROD-DDR4-V14-2026-01,415255.41,0.0942
STATE-VF-MARK-2026-01,STATE-PROD-V-NAND-V15-2026-01,315391.49,0.0715
STATE-VF-MARK-2026-01,STATE-PROD-V-NAND-V17-2026-01,586519.62,0.133
STATE-VF-MARK-2026-01,STATE-PROD-DDR4-V18-2026-01,725701.94,0.1646
